reporter_iso3,year,hs_cmd,imports_from_china_usd
VNM,2017,84,7525696400.1
VNM,2017,85,20118270625.0
VNM,2018,84,7950734403.56
VNM,2018,85,21437582172.43
VNM,2019,84,10142687582.82
VNM,2019,85,25986120991.84
VNM,2020,84,9754766953.206
VNM,2020,85,35237238363.791
VNM,2021,84,12170989863.148
VNM,2021,85,45330703394.808
VNM,2022,85,9786948053.296
VNM,2022,84,1786664547.717
VNM,2022,84,104148241.261
VNM,2022,85,622769211.775
VNM,2022,85,16943383026.893
VNM,2022,84,1852959204.075
VNM,2022,85,17997792797.877
VNM,2022,84,9165443197.589
VNM,2022,84,12909215190.642
VNM,2022,85,45350893089.841
VNM,2023,84,2661364914.538
VNM,2023,85,13321683740.244
VNM,2023,84,289033980.416
VNM,2023,85,965851647.369
VNM,2023,84,1176021051.997
VNM,2023,85,13597709732.628
VNM,2023,84,7713368181.756
VNM,2023,85,14951414938.207
VNM,2023,84,11839788128.708
VNM,2023,85,42836660058.449
MEX,2018,85,34008176895.0
MEX,2018,84,18480638952.0
MEX,2018,84,2876309751.0
MEX,2018,85,8711001815.0
MEX,2018,84,5998393588.0
MEX,2018,85,8931642559.0
MEX,2018,84,9579070542.0
MEX,2018,85,16294183635.0
MEX,2018,84,837379.0
MEX,2018,85,4193052.0
MEX,2018,84,26027692.0
MEX,2018,85,67155834.0
MEX,2019,84,18848236486.0
MEX,2019,85,31544043229.0
MEX,2019,85,31544043229.0
MEX,2019,84,18848236486.0
MEX,2019,85,8462591133.0
MEX,2019,84,2830518423.0
MEX,2019,84,2830518423.0
MEX,2019,85,8462591133.0
MEX,2019,85,8781655023.0
MEX,2019,84,6301318266.0
MEX,2019,84,6301318266.0
MEX,2019,85,8781655023.0
MEX,2019,85,14264291986.0
MEX,2019,84,9707106656.0
MEX,2019,84,9707106656.0
MEX,2019,85,14264291986.0
MEX,2019,85,34596023.0
MEX,2019,84,8356122.0
MEX,2019,85,34596023.0
MEX,2019,84,8356122.0
MEX,2019,84,937019.0
MEX,2019,84,937019.0
MEX,2019,85,909064.0
MEX,2019,85,909064.0
MEX,2020,85,27556872109.0
MEX,2020,84,16412514232.0
MEX,2020,84,2672800755.0
MEX,2020,85,7089074846.0
MEX,2020,84,5919998790.0
MEX,2020,85,8158510296.0
MEX,2020,84,7813892410.0
MEX,2020,85,12289118431.0
MEX,2020,85,1562137.0
MEX,2020,84,461676.0
MEX,2020,85,18606399.0
MEX,2020,84,5360601.0
MEX,2021,85,35272120207.0
MEX,2021,84,20585432644.0
MEX,2021,85,9240498667.0
MEX,2021,84,3651153506.0
MEX,2021,84,8498813860.0
MEX,2021,85,14550096957.0
MEX,2021,84,8420310461.0
MEX,2021,85,11440833175.0
MEX,2021,85,22913107.0
MEX,2021,84,1785348.0
MEX,2021,84,13369469.0
MEX,2021,85,17778301.0
MEX,2022,84,5961805.0
MEX,2022,85,11624212.0
MEX,2022,84,13596414.0
MEX,2022,85,42191246.0
MEX,2022,84,9467777123.0
MEX,2022,85,15771847199.0
MEX,2022,84,10737728946.0
MEX,2022,85,14071416999.0
MEX,2022,84,3414597494.0
MEX,2022,85,10752188400.0
MEX,2022,84,23639661782.0
MEX,2022,85,40649268056.0
MEX,2023,85,10005446.0
MEX,2023,84,1817296.0
MEX,2023,85,16189512.0
MEX,2023,84,6232471.0
MEX,2023,85,16066135815.0
MEX,2023,84,11579058075.0
MEX,2023,85,14378155579.0
MEX,2023,84,7425548319.0
MEX,2023,85,9359142139.0
MEX,2023,84,2688438577.0
MEX,2023,85,39829628491.0
MEX,2023,84,21701094738.0
MEX,2024,84,1193054.0
MEX,2024,85,6510114.0
MEX,2024,84,7420892.0
MEX,2024,85,13207678.0
MEX,2024,84,14190848947.0
MEX,2024,85,17101857258.0
MEX,2024,84,8448566502.0
MEX,2024,85,15103171253.0
MEX,2024,84,2709586748.0
MEX,2024,85,10547765567.0
MEX,2024,84,25357616143.0
MEX,2024,85,42772511870.0
THA,2017,84,7385928059.42
THA,2017,85,13250436248.34
THA,2017,84,1368766304.64
THA,2017,85,7003044554.11
THA,2017,84,5416250441.95
THA,2017,85,5515537756.91
THA,2017,84,113760.74
THA,2017,85,278974.61
THA,2017,84,600558682.59
THA,2017,85,729732827.2
THA,2017,84,112014.89
THA,2017,85,1658748.02
THA,2017,84,126854.61
THA,2017,85,183387.49
THA,2018,84,8420496553.17
THA,2018,85,15029510688.41
THA,2018,85,7463147780.1
THA,2018,84,1382004973.24
THA,2018,84,6327997231.88
THA,2018,85,6311796527.74
THA,2018,84,75374.68
THA,2018,85,228898.25
THA,2018,84,710009656.49
THA,2018,85,1251535131.57
THA,2018,84,300376.09
THA,2018,85,2763364.16
THA,2018,84,108940.79
THA,2018,85,38986.59
THA,2019,85,57199.914
THA,2019,84,556070.933
THA,2019,85,41.793
THA,2019,84,18012.032
THA,2019,84,1626.538
THA,2019,85,1983.007
THA,2019,84,89677.277
THA,2019,85,128893.22
THA,2019,84,215767.411
THA,2019,85,14042.429
THA,2019,85,4537.688
THA,2019,85,1274.498
THA,2019,84,85.229
THA,2019,85,47678.145
THA,2019,85,507297.997
THA,2019,84,4984.911
THA,2019,85,11706.393
THA,2019,84,2921.619
THA,2019,85,2212754.296
THA,2019,85,44917885.994
THA,2019,85,2454.607
THA,2019,85,1613754.517
THA,2019,85,1233212.365
THA,2019,85,137627.078
THA,2019,85,3828235.05
THA,2019,84,23340242.167
THA,2019,84,70968558.036
THA,2019,84,182548113.725
THA,2019,84,445090.227
THA,2019,84,34639.687
THA,2019,84,845095240.319
THA,2019,84,6.915
THA,2019,84,440308.428
THA,2019,84,38950.461
THA,2019,84,812036.526
THA,2019,85,4.318
THA,2019,85,8807.253
THA,2019,85,49230894.51
THA,2019,85,37157755.402
THA,2019,85,274823.838
THA,2019,85,4162795.679
THA,2019,84,6362.029
THA,2019,85,31948.211
THA,2019,85,639623.613
THA,2019,85,24503913.503
THA,2019,84,45663413.203
THA,2019,84,216894.795
THA,2019,84,4419307.158
THA,2019,84,422971.955
THA,2019,84,107409.506
THA,2019,84,489853381.378
THA,2019,85,1106695.998
THA,2019,85,84071200.158
THA,2019,85,2618.553
THA,2019,85,43668.516
THA,2019,85,762165786.514
THA,2019,85,189586.397
THA,2019,84,3546.177
THA,2019,84,4301987.845
THA,2019,84,253212.191
THA,2019,85,5640.524
THA,2019,85,2549662.404
THA,2019,85,38137959.564
THA,2019,85,3801466.1
THA,2019,85,252424.548
THA,2019,85,214316600.549
THA,2019,85,18820.996
THA,2019,85,3586.986
THA,2019,85,33049.59
THA,2019,85,355.658
THA,2019,85,631458.887
THA,2019,85,1210386.125
THA,2019,84,267908.009
THA,2019,84,8094288.935
THA,2019,84,15622.291
THA,2019,84,341053303.589
THA,2019,85,36998.574
THA,2019,85,118234409.804
THA,2019,85,7111134.809
THA,2019,85,66116124.963
THA,2019,85,1034432936.69
THA,2019,85,36038.11
THA,2019,85,405.345
THA,2019,85,10019.299
THA,2019,85,19562.785
THA,2019,84,3405.767
THA,2019,84,1576769.201
THA,2019,85,1487.13
THA,2019,85,1251.399
THA,2019,85,34283.523
THA,2019,84,54659.428
THA,2019,84,18654.309
THA,2019,84,58275.38
THA,2019,84,13304.996
THA,2019,84,46205.638
THA,2019,84,46168.577
THA,2019,84,6732.501
THA,2019,84,3703.395
THA,2019,84,555.516
THA,2019,85,2960.136
THA,2019,85,399.3
THA,2019,85,207.489
THA,2019,85,1355.59
THA,2019,85,49045.256
THA,2019,84,694.564
THA,2019,84,563777.911
THA,2019,84,27345.619
THA,2019,85,55769.776
THA,2019,85,3801466.1
THA,2019,85,434423.93
THA,2019,85,1212911.369
THA,2019,85,219211.234
THA,2019,85,24504906.194
THA,2019,84,456956.721
THA,2019,84,7657777768.973
THA,2019,84,20176.038
THA,2019,84,11041.811
THA,2019,84,333409.886
THA,2019,85,406388.01
THA,2019,85,598255704.319
THA,2019,85,1486310.487
THA,2019,85,4527.579
THA,2019,85,2454.607
THA,2019,85,98754.047
THA,2019,85,161179.7
THA,2019,85,277449.439
THA,2019,85,497090.359
THA,2019,85,245439.324
THA,2019,84,2354934.735
THA,2019,84,831992.091
THA,2019,84,1399387063.987
THA,2019,85,7175654775.01
THA,2019,85,1788353.76
THA,2019,85,565.809
THA,2019,85,180.226
THA,2019,85,272.683
THA,2019,84,292.057
THA,2019,84,17500.911
THA,2019,84,30079.622
THA,2019,85,75871.904
THA,2019,85,1838044.372
THA,2019,84,15497.11
THA,2019,84,10399.991
THA,2019,84,7962.014
THA,2019,85,11706.393
THA,2019,85,299.349
THA,2019,85,58938.32
THA,2019,84,61.953
THA,2019,84,36.579
THA,2019,84,41114.497
THA,2019,85,1251.399
THA,2019,85,1983.007
THA,2019,85,58938.32
THA,2019,84,16157.779
THA,2019,84,13304.996
THA,2019,84,118187.861
THA,2019,84,14100.224
THA,2019,84,789021451.398
THA,2019,84,2799278.844
THA,2019,84,1520129.323
THA,2019,84,6431.666
THA,2019,84,34593930.595
THA,2019,84,27434113.97
THA,2019,84,360706.926
THA,2019,84,1159926.127
THA,2019,85,5129.449
THA,2019,85,7220.849
THA,2019,85,804791364.832
THA,2019,85,104693.304
THA,2019,85,6949955.108
THA,2019,85,92737.521
THA,2019,84,394100.073
THA,2019,84,581502.115
THA,2019,84,2482027.386
THA,2019,84,268667.586
THA,2019,84,89796.165
THA,2019,85,81671.639
THA,2019,84,19152230.32
THA,2019,85,53750.707
THA,2019,85,9707245.506
THA,2019,84,153239.856
THA,2019,85,161030533.592
THA,2019,85,5793823180.048
THA,2019,85,14005699245.507
THA,2019,84,5337.154
THA,2019,84,69947.913
THA,2019,85,29202.011
THA,2019,85,930.899
THA,2019,85,270.358
THA,2019,84,660968.251
THA,2019,84,641591.283
THA,2019,85,28348.178
THA,2019,85,439277.47
THA,2019,84,14163.763
THA,2019,84,694.564
THA,2019,84,577.474
THA,2019,84,290348.18
THA,2019,84,660.669
THA,2019,84,324.856
THA,2019,84,46724.056
THA,2019,85,3021.496
THA,2019,85,2846.782
THA,2019,85,207.489
THA,2019,84,25501.612
THA,2019,84,788.819
THA,2019,84,120450.942
THA,2019,84,577.474
THA,2019,85,31308.314
THA,2019,85,1357.933
THA,2019,85,50683.338
THA,2019,84,63236336.335
THA,2019,85,3104.155
THA,2019,84,613297.851
THA,2019,85,4183564.501
THA,2019,85,1086673736.342
THA,2019,84,8511127.348
THA,2019,84,265603.553
THA,2019,84,313504.336
THA,2019,84,890579.576
THA,2019,85,50964.458
THA,2019,85,3294.643
THA,2019,85,7220.849
THA,2019,85,55769.776
THA,2019,85,57744348.93
THA,2019,85,2664768820.444
THA,2019,85,269670.468
THA,2019,85,3550785.612
THA,2019,85,3289167171.794
THA,2019,85,9988917.871
THA,2019,84,314141.807
THA,2019,84,13671622.612
THA,2019,84,108450.474
THA,2019,84,1242470.365
THA,2019,84,8017802.457
THA,2019,84,1987266.154
THA,2019,84,400.068
THA,2019,85,100492.635
THA,2019,85,1287132.095
THA,2019,85,66350.523
THA,2019,85,12490472.882
THA,2019,85,37940741.567
THA,2019,85,2593996.92
THA,2019,85,2736.205
THA,2019,85,10234357.194
THA,2019,85,7254.515
THA,2019,84,140046.619
THA,2019,85,377.842
THA,2019,84,1734284.837
THA,2019,84,1013197.849
THA,2019,84,9333.587
THA,2019,84,70.019
THA,2019,84,36.579
THA,2019,84,49909.033
THA,2019,84,3527.987
THA,2019,85,97.124
THA,2019,85,513.172
THA,2019,85,475470.312
THA,2019,85,87317047.281
THA,2019,84,5612156.732
THA,2019,84,3421101.907
THA,2019,85,486022.086
THA,2019,84,3768.727
THA,2019,84,551907.697
THA,2019,84,3598495.299
THA,2019,85,44838.837
THA,2019,85,216107.079
THA,2019,85,25045581.713
THA,2019,85,1577792.8
THA,2019,85,108009116.037
THA,2019,85,2504286.397
THA,2019,85,5161.132
THA,2019,84,46316.317
THA,2019,84,1383899.788
THA,2019,84,3546.177
THA,2019,84,1420412.641
THA,2019,84,6212051.644
THA,2019,84,333409.886
THA,2019,84,54805.518
THA,2019,84,1216137.68
THA,2019,85,8490490554.071
THA,2019,85,44838.837
THA,2019,85,21104.616
THA,2019,85,1806856.13
THA,2019,85,6707.644
THA,2019,85,38327545.961
THA,2019,85,301648393.201
THA,2019,85,355.658
THA,2019,85,1117480.973
THA,2019,85,3882286.448
THA,2019,84,6592533933.142
THA,2019,84,204783.488
THA,2019,84,9013903777.2
THA,2019,84,1565.785
THA,2019,85,332.996
THA,2019,85,4811.645
THA,2019,84,30943.396
THA,2019,84,1416643.914
THA,2019,84,909296880.736
THA,2019,84,61065.717
THA,2019,84,7706.977
THA,2019,84,714835.9
THA,2019,85,13750.916
THA,2019,85,2252.561
THA,2019,84,74550.0
THA,2019,85,177676.467
THA,2019,84,16877.381
THA,2019,85,97.124
THA,2019,84,407.867
THA,2019,85,907.346
THA,2019,84,775.735
THA,2019,84,5292076.633
THA,2019,84,6732.501
THA,2019,84,70.019
THA,2019,84,1013197.849
THA,2019,84,2182.054
THA,2019,84,61.953
THA,2019,85,34990.592
THA,2019,85,58687.044
THA,2019,85,41.793
THA,2019,85,556.861
THA,2019,85,4632.926
THA,2019,84,9868672.168
THA,2019,85,122444897.569
THA,2019,85,6250.952
THA,2019,85,3753712.936
THA,2019,85,19862284.983
THA,2019,84,1373968.303
THA,2019,84,15440134.49
THA,2019,84,19044916.303
THA,2019,84,1458.528
THA,2019,85,317.803
THA,2019,85,1157340.461
THA,2019,85,6707.644
THA,2019,85,2736.205
THA,2019,85,385050.716
THA,2019,85,66350.523
THA,2019,85,434423.93
THA,2019,85,992.691
THA,2019,85,35097.177
THA,2019,85,3879667.895
THA,2019,85,18359.477
THA,2019,84,812036.526
THA,2019,84,1203037.455
THA,2019,85,5538.975
THA,2019,85,6476.69
THA,2019,85,7642735.946
THA,2019,85,266175.464
THA,2019,85,146488.228
THA,2019,85,4.318
THA,2019,85,285450.27
THA,2019,84,26080.872
THA,2019,84,9131.949
THA,2019,85,180.162
THA,2019,85,2376895.256
THA,2019,85,2659.27
THA,2019,85,1901.397
THA,2019,85,5939.256
THA,2019,84,1070.204
THA,2019,85,76048.093
THA,2019,84,934369.869
THA,2019,84,5903232408.062
THA,2019,85,10626.432
THA,2019,84,524.027
THA,2019,85,17517.63
THA,2019,84,2874.022
THA,2019,84,14626.887
THA,2019,85,399.3
THA,2019,85,1357.933
THA,2019,84,74550.0
THA,2019,84,407.867
THA,2019,84,290348.18
THA,2019,84,46724.056
THA,2019,84,41114.497
THA,2019,84,104.817
THA,2019,85,143906.376
THA,2019,84,5771451.159
THA,2019,84,14824129.907
THA,2019,84,8359118.045
THA,2019,84,112841776.661
THA,2019,85,321718.364
THA,2019,84,5644.721
THA,2019,84,318353.55
THA,2019,84,146.089
THA,2019,84,14100.224
THA,2019,84,1161739.41
THA,2019,84,383546.466
THA,2019,84,1372769.266
THA,2019,84,3802205.307
THA,2019,84,39054.699
THA,2019,84,297565219.946
THA,2019,85,1121169.33
THA,2019,85,28494470.453
THA,2019,85,962105.421
THA,2019,85,1128732.063
THA,2019,84,6.915
THA,2019,84,22522.102
THA,2019,84,38950.461
THA,2019,84,40124.903
THA,2019,84,77514.797
THA,2019,85,33049.59
THA,2019,85,1962113.795
THA,2019,85,32657822.993
THA,2019,85,3610982.395
THA,2019,85,3294.643
THA,2019,85,152713.629
THA,2019,85,214444992.604
THA,2019,85,19556.401
THA,2019,85,10750.264
THA,2019,84,156447.551
THA,2019,84,140094.051
THA,2019,85,44334.515
THA,2019,85,15803.404
THA,2019,84,25501.612
THA,2019,84,3527.987
THA,2019,85,1250468.649
THA,2019,84,827836.218
THA,2019,85,153767.106
THA,2019,84,65094.581
THA,2019,84,5151982.582
THA,2019,84,55356.361
THA,2019,84,2921.619
THA,2019,84,788.819
THA,2019,84,69.637
THA,2019,84,10399.991
THA,2019,84,449077.15
THA,2019,84,72902.268
THA,2019,84,641916.139
THA,2019,84,89677.277
THA,2019,84,7962.014
THA,2019,85,907.346
THA,2019,85,177676.467
THA,2019,85,4537.688
THA,2019,85,2846.782
THA,2019,85,7254.515
THA,2019,85,403.006
THA,2019,84,2874.022
THA,2019,85,3021.496
THA,2019,85,299.349
THA,2019,85,34283.523
THA,2019,84,775.735
THA,2019,85,403.006
THA,2019,85,49045.256
THA,2019,85,1355.59
THA,2019,85,34990.592
THA,2019,85,513.172
THA,2019,85,312397.528
THA,2019,84,171886.585
THA,2019,85,782986.164
THA,2019,84,2415732.378
THA,2019,84,449077.15
THA,2019,84,745.136
THA,2019,85,4013.506
THA,2019,84,65948.959
THA,2019,84,147360.058
THA,2019,85,4438517972.15
THA,2019,85,12086.1
THA,2019,85,8320161.796
THA,2019,84,57122.143
THA,2019,84,314141.807
THA,2019,84,147.74
THA,2019,84,400.068
THA,2019,85,1493184.103
THA,2019,85,131376.126
THA,2019,85,7513842.726
THA,2019,85,10652428.51
THA,2019,85,3752.997
THA,2019,84,2776985.839
THA,2019,84,1976692.825
THA,2019,84,1615654.761
THA,2019,84,565986.657
THA,2019,84,890579.576
THA,2019,85,537343.574
THA,2019,85,269670.468
THA,2019,85,7252182.867
THA,2019,85,706949.242
THA,2019,85,4527.579
THA,2019,85,156214.562
THA,2019,85,420430.439
THA,2019,85,3751987325.289
THA,2019,84,1021777996.584
THA,2020,84,6319804708.423
THA,2020,84,231244.506
THA,2020,84,455794.72
THA,2020,85,1203640.195
THA,2020,84,1325243.757
THA,2020,85,4905607087.465
THA,2020,84,62271.005
THA,2020,84,318808.345
THA,2020,85,277683.224
THA,2020,85,1877023.159
THA,2020,85,976314.383
THA,2020,85,108106.982
THA,2020,84,1771862.004
THA,2020,84,702015235.22
THA,2020,84,1417261.693
THA,2020,84,1896796.656
THA,2020,85,120.04
THA,2020,85,221538071.018
THA,2020,85,427644.93
THA,2020,85,296573.829
THA,2020,85,97613.323
THA,2020,85,135250.179
THA,2020,85,26073.131
THA,2020,84,1106.655
THA,2020,84,2093.936
THA,2020,84,1565.781
THA,2020,85,171520.55
THA,2020,85,20559.304
THA,2020,84,1606.305
THA,2020,84,1777.884
THA,2020,85,847.791
THA,2020,84,1192.1
THA,2020,84,7411.596
THA,2020,84,15478.509
THA,2020,84,964043275.953
THA,2020,84,1645041.441
THA,2020,84,4423206.23
THA,2020,85,1427938.068
THA,2020,85,28203.219
THA,2020,85,631.231
THA,2020,85,115400.446
THA,2020,85,1384051097.449
THA,2020,84,577222.708
THA,2020,84,7707.046
THA,2020,84,14818.433
THA,2020,84,1502.948
THA,2020,84,208323.673
THA,2020,85,26090051.31
THA,2020,85,110.722
THA,2020,85,264339.305
THA,2020,85,645317.72
THA,2020,85,1929073.16
THA,2020,85,1335166.528
THA,2020,85,349782.386
THA,2020,85,19573.163
THA,2020,84,1284.064
THA,2020,84,18534043.328
THA,2020,84,342120.832
THA,2020,84,6.468
THA,2020,84,2731713.678
THA,2020,84,406736788.871
THA,2020,85,2526889.017
THA,2020,85,226647.394
THA,2020,85,2407600.862
THA,2020,85,26341262.342
THA,2020,85,129930.545
THA,2020,85,761958.526
THA,2020,85,5056023.896
THA,2020,85,81504914.212
THA,2020,84,6872384183.593
THA,2020,85,3859.977
THA,2020,84,6055.83
THA,2020,85,326.389
THA,2020,84,55056.532
THA,2020,85,13564.034
THA,2020,84,3398.336
THA,2020,84,79211.579
THA,2020,84,98895.427
THA,2020,84,7440.01
THA,2020,84,559.251
THA,2020,84,862.422
THA,2020,84,261511.161
THA,2020,85,7871.768
THA,2020,85,989.01
THA,2020,85,909.678
THA,2020,85,442.383
THA,2020,85,15140.948
THA,2020,85,716.065
THA,2020,85,8075.591
THA,2020,85,62084.566
THA,2020,84,8948.323
THA,2020,84,47483.62
THA,2020,84,110.89
THA,2020,84,6365.867
THA,2020,84,7892.819
THA,2020,85,13047.415
THA,2020,85,2384.39
THA,2020,85,6368.488
THA,2020,85,34631.178
THA,2020,84,7530.944
THA,2020,84,391340.822
THA,2020,84,176.168
THA,2020,85,967.817
THA,2020,85,824.399
THA,2020,85,81303.647
THA,2020,85,1234.308
THA,2020,84,16392838.159
THA,2020,84,29365760.593
THA,2020,84,1078405.647
THA,2020,84,18229.223
THA,2020,84,1126415.723
THA,2020,84,3322614.819
THA,2020,84,15903947.776
THA,2020,84,32468.606
THA,2020,85,100958098.354
THA,2020,85,69084356.696
THA,2020,85,410569.726
THA,2020,85,104201836.478
THA,2020,85,178626.205
THA,2020,85,6286787.255
THA,2020,84,643317.646
THA,2020,84,478836.7
THA,2020,84,100808.139
THA,2020,84,715733.268
THA,2020,84,1284.064
THA,2020,84,707219.647
THA,2020,84,9510633.344
THA,2020,85,1001.542
THA,2020,85,456598.896
THA,2020,85,922.429
THA,2020,85,2428606244.329
THA,2020,85,1627.931
THA,2020,85,2936183.529
THA,2020,85,580921.954
THA,2020,84,9061077.09
THA,2020,84,1484.608
THA,2020,84,383997.006
THA,2020,84,23184.761
THA,2020,84,653364.603
THA,2020,84,8076573120.0
THA,2020,84,792875.855
THA,2020,85,2166405.96
THA,2020,85,27366.093
THA,2020,85,161.928
THA,2020,85,84212.981
THA,2020,84,9356854840.125
THA,2020,85,695527.143
THA,2020,85,1599124.63
THA,2020,85,15480570.156
THA,2020,85,34380946.701
THA,2020,85,8948613.334
THA,2020,84,1460741.678
THA,2020,84,16082.989
THA,2020,84,33461468.516
THA,2020,84,1445224.068
THA,2020,84,65008.607
THA,2020,84,1279861.849
THA,2020,84,285101.579
THA,2020,84,68309.606
THA,2020,84,83788.09
THA,2020,84,5265360.9
THA,2020,84,319349.789
THA,2020,84,13981.178
THA,2020,85,97613.323
THA,2020,85,1055190.045
THA,2020,85,4361.594
THA,2020,85,1529107.345
THA,2020,85,4872915.983
THA,2020,85,12146.563
THA,2020,85,4674.637
THA,2020,85,6549.317
THA,2020,85,595481135.499
THA,2020,85,20608.578
THA,2020,85,132481.263
THA,2020,85,30100876.205
THA,2020,84,380272.922
THA,2020,84,307876.488
THA,2020,84,112794.211
THA,2020,84,3955.048
THA,2020,85,2384.39
THA,2020,84,7647.594
THA,2020,85,662.192
THA,2020,84,21681.813
THA,2020,85,8756.941
THA,2020,84,47483.62
THA,2020,84,22084.422
THA,2020,85,76.069
THA,2020,85,345744.757
THA,2020,84,133797.159
THA,2020,85,65301.866
THA,2020,84,460753.72
THA,2020,84,904252.603
THA,2020,85,233843.935
THA,2020,85,18315.249
THA,2020,84,1800.375
THA,2020,85,2560.772
THA,2020,84,19079.869
THA,2020,84,767.623
THA,2020,84,2253.694
THA,2020,84,492.645
THA,2020,85,1050.153
THA,2020,85,909.678
THA,2020,85,524.067
THA,2020,85,15140.948
THA,2020,84,1606.305
THA,2020,84,6393214.072
THA,2020,84,1713.215
THA,2020,85,847797.912
THA,2020,85,116437.948
THA,2020,85,12.091
THA,2020,84,237819.897
THA,2020,84,585488.024
THA,2020,85,11104097.988
THA,2020,84,7519897.955
THA,2020,85,2328991.805
THA,2020,85,9975.814
THA,2020,85,1266223511.628
THA,2020,84,13268682.428
THA,2020,84,1404.931
THA,2020,84,6.468
THA,2020,85,506.376
THA,2020,85,140243679.89
THA,2020,85,13522904.771
THA,2020,85,347120.321
THA,2020,85,124414727.222
THA,2020,85,14243.782
THA,2020,85,3480082647.289
THA,2020,85,34023271.472
THA,2020,85,298.281
THA,2020,85,1884697.66
THA,2020,85,3730237.305
THA,2020,85,466574.71
THA,2020,85,3488005.665
THA,2020,85,2625933.893
THA,2020,85,65936.115
THA,2020,85,130527954.144
THA,2020,85,4364121.597
THA,2020,85,407658.175
THA,2020,85,6452507238.032
THA,2020,85,237944.319
THA,2020,85,7238472100.681
THA,2020,85,4169162.972
THA,2020,84,3347086.396
THA,2020,84,16049.542
THA,2020,85,407.461
THA,2020,85,153189.312
THA,2020,84,265682.79
THA,2020,85,55861.018
THA,2020,85,847797.912
THA,2020,84,1777.884
THA,2020,84,2253.694
THA,2020,84,4450.909
THA,2020,84,192.911
THA,2020,84,164321.933
THA,2020,85,662.192
THA,2020,85,967.817
THA,2020,85,94119.301
THA,2020,85,7871.768
THA,2020,84,55474.115
THA,2020,84,63170226.826
THA,2020,84,375374.944
THA,2020,85,1177988.218
THA,2020,84,630644.041
THA,2020,84,1329147.508
THA,2020,84,492000.155
THA,2020,84,85026.22
THA,2020,85,23393.468
THA,2020,84,65008.607
THA,2020,84,1027103.522
THA,2020,84,2766560.414
THA,2020,84,252025282.771
THA,2020,84,13245885.246
THA,2020,85,120.04
THA,2020,85,2625933.893
THA,2020,84,9917600.598
THA,2020,84,455970.888
THA,2020,84,16394944.321
THA,2020,84,141072.365
THA,2020,84,478660.202
THA,2020,85,6512358.76
THA,2020,85,30101400.272
THA,2020,85,4674.637
THA,2020,85,645948.95
THA,2020,85,4361.594
THA,2020,85,345642.952
THA,2020,85,28201718.27
THA,2020,85,404826.204
THA,2020,85,298.281
THA,2020,85,1170590.491
THA,2020,85,342985.089
THA,2020,85,922.429
THA,2020,85,765526157.285
THA,2020,85,14243.782
THA,2020,85,1756845978.282
THA,2020,84,1403741884.201
THA,2020,85,51.403
THA,2020,84,629.987
THA,2020,84,2419175.108
THA,2020,85,328999.994
THA,2020,85,73559.997
THA,2020,85,2208335.124
THA,2020,84,4662.024
THA,2020,84,2486994.436
THA,2020,84,1930.061
THA,2020,84,1264.557
THA,2020,84,8948.323
THA,2020,85,68803.087
THA,2020,84,5131.498
THA,2020,84,11448.045
THA,2020,85,23768.283
THA,2020,85,15.01
THA,2020,85,354.622
THA,2020,85,4198.146
THA,2020,84,6280419.862
THA,2020,85,1050.153
THA,2020,84,7530.944
THA,2020,84,16397.354
THA,2020,84,1565.781
THA,2020,85,68803.087
THA,2020,84,11448.045
THA,2020,84,521586.695
THA,2020,85,1518.788
THA,2020,85,15548.885
THA,2020,84,492.645
THA,2020,84,1295593.425
THA,2020,85,354.622
THA,2020,84,357.782
THA,2020,85,407.461
THA,2020,85,1234.308
THA,2020,84,1569.002
THA,2020,85,68232.795
THA,2020,85,164959908.876
THA,2020,85,183107.913
THA,2020,85,424199.966
THA,2020,84,91531556.982
THA,2020,85,6110905.163
THA,2020,84,20917.525
THA,2020,85,146284.924
THA,2020,84,5854780.934
THA,2020,85,1303775.706
THA,2020,84,476.125
THA,2020,84,8483.951
THA,2020,84,3143366.191
THA,2020,84,95759.439
THA,2020,84,103285.258
THA,2020,85,2228962.566
THA,2020,85,704010.175
THA,2020,85,198199.488
THA,2020,85,65936.115
THA,2020,85,2305477.608
THA,2020,84,1324470.031
THA,2020,84,1128766.603
THA,2020,84,2019447.762
THA,2020,85,311788778.248
THA,2020,85,158593119.344
THA,2020,85,2042667.991
THA,2020,85,28569.456
THA,2020,85,1001.542
THA,2020,84,1080420895.843
THA,2020,85,121.754
THA,2020,84,2280.098
THA,2020,85,2566.737
THA,2020,85,62.46
THA,2020,85,2200.005
THA,2020,85,989.01
THA,2020,84,41753.106
THA,2020,85,952.885
THA,2020,84,27220.839
THA,2020,84,16695.785
THA,2020,85,7792.93
THA,2020,84,16397.354
THA,2020,85,10811.492
THA,2020,84,3475.649
THA,2020,84,172188.918
THA,2020,84,44.398
THA,2020,85,15548.885
THA,2020,84,4450.909
THA,2020,84,15478.509
THA,2020,85,8075.591
THA,2020,85,2521.778
THA,2020,85,633.048
THA,2020,84,28327.495
THA,2020,84,559.251
THA,2020,84,44.398
THA,2020,84,2223.866
THA,2020,85,30290.966
THA,2020,85,1182528.057
THA,2020,85,1853214.145
THA,2020,85,251211.032
THA,2020,84,831773.67
THA,2020,84,792669661.509
THA,2020,84,4.709
THA,2020,84,5028.221
THA,2020,84,246064.384
THA,2020,85,70396956.247
THA,2020,85,447.055
THA,2020,85,21896799.009
THA,2020,85,161.928
THA,2020,85,287816.888
THA,2020,85,269576.025
THA,2020,85,6511405.875
THA,2020,85,4462.344
THA,2020,84,478836.7
THA,2020,84,476.125
THA,2020,84,141482.584
THA,2020,84,72264.654
THA,2020,84,1336426.452
THA,2020,84,13981.178
THA,2020,84,282428.686
THA,2020,84,5028.221
THA,2020,85,506.376
THA,2020,85,30461.812
THA,2020,85,9769857270.152
THA,2020,85,108106.982
THA,2020,85,1028212.373
THA,2020,85,1555180.476
THA,2020,85,447.055
THA,2020,84,357.782
THA,2020,85,365955.669
THA,2020,85,357675.229
THA,2020,84,701.23
THA,2020,84,1796959.024
THA,2020,85,1023750.029
THA,2020,84,76141.896
THA,2020,84,1703.842
THA,2020,85,847.791
THA,2020,85,25879.143
THA,2020,85,1518.788
THA,2020,85,1381.118
THA,2020,85,27920.587
THA,2020,85,15.01
THA,2020,85,25879.143
THA,2020,85,233843.935
THA,2020,84,2686732.151
THA,2020,84,1930.061
THA,2020,84,9741.531
THA,2020,84,132588.414
THA,2020,84,392257121.25
THA,2020,84,244719.242
THA,2020,84,826699.301
THA,2020,84,35274.429
THA,2020,84,1484.608
THA,2020,84,307107694.355
THA,2020,84,1540047.667
THA,2020,84,12835472.029
THA,2020,84,381040.546
THA,2020,84,1049187.944
THA,2020,84,4.709
THA,2020,84,114387.84
THA,2020,84,207463.347
THA,2020,84,63104.633
THA,2020,84,604310.826
THA,2020,84,29155888.851
THA,2020,84,7568141.423
THA,2020,85,133305.662
THA,2020,85,6625.386
THA,2020,85,3799099825.23
THA,2020,85,1205268.127
THA,2020,85,98301.187
THA,2020,85,13888860.44
THA,2020,85,4364.127
THA,2020,85,1400514.349
THA,2020,85,92191.182
THA,2020,85,60819.513
THA,2020,85,197798713.609
THA,2020,85,13272235.033
THA,2020,85,226647.394
THA,2020,85,28569.456
THA,2020,85,1452513.316
THA,2020,85,988417.743
THA,2020,85,12149.203
THA,2020,85,54249170.336
THA,2020,85,18132.006
THA,2020,85,78036.358
THA,2020,85,113594.831
THA,2020,85,4075440.186
THA,2020,85,113948297.386
THA,2020,85,18349376.994
THA,2020,85,60537.855
THA,2020,85,15448063261.315
THA,2020,84,9722.291
THA,2020,84,1131.467
THA,2020,84,399.178
THA,2020,84,485448.957
THA,2020,85,37739.363
THA,2020,84,164321.933
THA,2020,85,4253.405
THA,2020,85,1191722.489
THA,2020,84,1192.1
THA,2020,84,2686732.151
THA,2020,85,13047.415
THA,2020,84,30636.027
THA,2020,84,452.808
THA,2020,85,633.048
THA,2020,84,41.899
THA,2020,85,716.065
THA,2020,84,1713.215
THA,2020,84,110.89
THA,2020,85,2521.778
THA,2020,85,27920.587
THA,2021,84,180098.203
THA,2021,84,28315856.185
THA,2021,84,222.567
THA,2021,84,12332777.159
THA,2021,84,2561.202
THA,2021,84,1393249.408
THA,2021,85,238862.314
THA,2021,84,10284912.662
THA,2021,85,524201.607
THA,2021,85,87408.812
THA,2021,85,524.359
THA,2021,84,133641.913
THA,2021,85,77461.532
THA,2021,85,3152334.876
THA,2021,84,10.516
THA,2021,84,407753.469
THA,2021,84,260.634
THA,2021,85,269224560.854
THA,2021,84,6435813.033
THA,2021,85,4553.099
THA,2021,84,5917406.695
THA,2021,85,4503294.455
THA,2021,84,1547647296.069
THA,2021,85,821.411
THA,2021,85,10260.018
THA,2021,85,170834.629
THA,2021,85,9714.152
THA,2021,85,13051.798
THA,2021,85,181086.097
THA,2021,84,993882.658
THA,2021,84,2060.924
THA,2021,84,1848.154
THA,2021,84,1357.417
THA,2021,85,5395.12
THA,2021,84,90.01
THA,2021,84,2431107.519
THA,2021,84,1424149.608
THA,2021,84,1162872.748
THA,2021,84,168939.103
THA,2021,84,342046.065
THA,2021,84,2132206.157
THA,2021,84,1740.759
THA,2021,84,260.634
THA,2021,84,133641.913
THA,2021,84,878267.102
THA,2021,84,15.007
THA,2021,84,142010.758
THA,2021,84,10395.957
THA,2021,85,718153.247
THA,2021,85,3953595.724
THA,2021,85,43975.238
THA,2021,85,5172.38
THA,2021,85,2807.629
THA,2021,85,173961.112
THA,2021,85,82.787
THA,2021,85,62787.13
THA,2021,85,8309086.044
THA,2021,85,5172.38
THA,2021,85,4121466.637
THA,2021,85,4166813.986
THA,2021,85,441031.84
THA,2021,85,3853732.653
THA,2021,85,277121.407
THA,2021,85,1549287045.156
THA,2021,85,132427.091
THA,2021,85,616.888
THA,2021,85,595185.871
THA,2021,85,145814.622
THA,2021,84,483059.499
THA,2021,85,20288355625.165
THA,2021,84,256.269
THA,2021,84,5687.017
THA,2021,85,219192.903
THA,2021,85,213873.847
THA,2021,84,2243397.157
THA,2021,85,502277.084
THA,2021,84,181.917
THA,2021,84,80928.645
THA,2021,84,2895.074
THA,2021,85,3870.89
THA,2021,84,124.104
THA,2021,85,4243.466
THA,2021,84,8534.165
THA,2021,85,4573.208
THA,2021,85,1710.92
THA,2021,84,578.951
THA,2021,85,171624.6
THA,2021,85,38301.07
THA,2021,84,200.865
THA,2021,84,2420.983
THA,2021,84,2033.41
THA,2021,84,27414.504
THA,2021,84,62.205
THA,2021,84,24655909.635
THA,2021,84,10304880.295
THA,2021,84,1561728.246
THA,2021,84,39.111
THA,2021,84,257.742
THA,2021,84,2561.202
THA,2021,84,12801234.324
THA,2021,84,496692.796
THA,2021,84,45096.869
THA,2021,84,82293.206
THA,2021,84,10134855165.6
THA,2021,84,295636.065
THA,2021,84,2629538.611
THA,2021,84,19798.383
THA,2021,84,9764464.92
THA,2021,84,7326124.119
THA,2021,84,6436.83
THA,2021,84,7079910.147
THA,2021,85,154370203.969
THA,2021,85,2623.529
THA,2021,85,303374.088
THA,2021,85,1422316.214
THA,2021,85,60858.317
THA,2021,85,87408.812
THA,2021,85,19215.183
THA,2021,85,106884.268
THA,2021,85,138595.907
THA,2021,85,115242.932
THA,2021,85,158481.904
THA,2021,85,716918.851
THA,2021,85,319.922
THA,2021,85,54924.504
THA,2021,85,2182126.312
THA,2021,85,23612234.626
THA,2021,85,129323.324
THA,2021,85,73695.776
THA,2021,85,69453.494
THA,2021,85,521173.437
THA,2021,85,9491297.917
THA,2021,85,146519701.468
THA,2021,85,6810.477
THA,2021,85,114685.187
THA,2021,84,2951.746
THA,2021,85,171624.6
THA,2021,84,663.727
THA,2021,84,62905.971
THA,2021,84,2033.41
THA,2021,85,16137.169
THA,2021,85,135775.949
THA,2021,84,27414.504
THA,2021,85,4518.388
THA,2021,85,2488.15
THA,2021,85,11864.241
THA,2021,85,279.77
THA,2021,85,8066.907
THA,2021,84,2420.983
THA,2021,84,8562.875
THA,2021,84,39381.96
THA,2021,84,200.865
THA,2021,84,1848.154
THA,2021,84,2060.924
THA,2021,85,3305.384
THA,2021,85,16465.317
THA,2021,85,1710.92
THA,2021,85,793.14
THA,2021,84,7334.928
THA,2021,84,448476.712
THA,2021,84,483670.392
THA,2021,84,2377214.878
THA,2021,84,1508695.395
THA,2021,84,660112.537
THA,2021,84,249447.085
THA,2021,84,133762.753
THA,2021,84,281132.115
THA,2021,84,9318941.634
THA,2021,84,65183.684
THA,2021,84,231693.212
THA,2021,84,7128678.696
THA,2021,84,86167556.149
THA,2021,84,7785887.839
THA,2021,84,3009426.632
THA,2021,85,18891028.963
THA,2021,85,38711.182
THA,2021,85,29099960.156
THA,2021,85,215441.369
THA,2021,85,360.725
THA,2021,85,28566572.157
THA,2021,85,2940127258.989
THA,2021,85,413420.302
THA,2021,85,2554151.674
THA,2021,85,1613187.761
THA,2021,85,42882.775
THA,2021,85,3126.483
THA,2021,85,15137.824
THA,2021,85,4650672.0
THA,2021,85,2181304.806
THA,2021,85,88629734.88
THA,2021,85,20899279.377
THA,2021,85,233276727.657
THA,2021,85,185508.357
THA,2021,85,336.154
THA,2021,85,1321.56
THA,2021,85,25.886
THA,2021,85,7522.72
THA,2021,85,1634278.131
THA,2021,85,60858.317
THA,2021,84,2122417103.698
THA,2021,84,11786973911.244
THA,2021,85,505.978
THA,2021,84,3382.143
THA,2021,85,72360.157
THA,2021,84,25724.136
THA,2021,84,9673.139
THA,2021,85,29230.126
THA,2021,85,38301.07
THA,2021,85,262.293
THA,2021,85,17041.973
THA,2021,85,793.14
THA,2021,85,9966.314
THA,2021,85,4720.818
THA,2021,84,143.985
THA,2021,84,415.992
THA,2021,84,5876.881
THA,2021,84,90.01
THA,2021,85,11864.241
THA,2021,85,77638.235
THA,2021,85,1545.62
THA,2021,84,27058.798
THA,2021,84,887.643
THA,2021,84,1260.957
THA,2021,84,8534.165
THA,2021,84,4406.313
THA,2021,84,427164589.895
THA,2021,84,1827622.174
THA,2021,84,1453053226.268
THA,2021,85,636028.653
THA,2021,85,793.033
THA,2021,85,6513805430.574
THA,2021,85,255482967.139
THA,2021,84,518001.881
THA,2021,84,548435.436
THA,2021,84,14166393.846
THA,2021,84,3156233.967
THA,2021,84,404570202.056
THA,2021,85,319.922
THA,2021,85,54357.229
THA,2021,85,30955408.919
THA,2021,85,2307478.013
THA,2021,85,41700694.332
THA,2021,85,117416249.016
THA,2021,85,50971766.792
THA,2021,85,1321.56
THA,2021,85,3333.492
THA,2021,84,329645.784
THA,2021,85,524.359
THA,2021,85,541862.56
THA,2021,85,3709.268
THA,2021,85,13671371.438
THA,2021,85,92.964
THA,2021,85,50777582.364
THA,2021,85,952601.046
THA,2021,85,962.159
THA,2021,85,82.787
THA,2021,85,4324269.049
THA,2021,85,158880442.81
THA,2021,85,896716121.101
THA,2021,85,1233670.657
THA,2021,84,8116426451.978
THA,2021,85,9609228967.332
THA,2021,84,3086.943
THA,2021,85,0.095
THA,2021,85,12961.007
THA,2021,85,13027.112
THA,2021,85,61.461
THA,2021,84,821.436
THA,2021,85,16017.985
THA,2021,84,62.205
THA,2021,84,10805.087
THA,2021,85,19.912
THA,2021,85,234.24
THA,2021,85,16017.985
THA,2021,85,855.562
THA,2021,84,1576.993
THA,2021,85,4406.645
THA,2021,84,81306.414
THA,2021,85,1061.899
THA,2021,84,39381.96
THA,2021,85,14211.715
THA,2021,85,4910.017
THA,2021,84,105076.199
THA,2021,84,58095505.099
THA,2021,85,180811479.563
THA,2021,84,450395.289
THA,2021,85,50776342.091
THA,2021,85,77005855.52
THA,2021,84,1100702.142
THA,2021,85,801260.848
THA,2021,84,15172.225
THA,2021,84,15780.574
THA,2021,84,13165.348
THA,2021,84,1163354713.526
THA,2021,84,7007539.229
THA,2021,84,23623.135
THA,2021,84,231971.175
THA,2021,84,1242981.803
THA,2021,84,899567.183
THA,2021,84,485892221.825
THA,2021,85,597632.194
THA,2021,85,41828.826
THA,2021,85,160988.944
THA,2021,85,716893.97
THA,2021,84,1593.562
THA,2021,84,24473057.949
THA,2021,84,2712239.633
THA,2021,84,1593963.779
THA,2021,84,1653995.195
THA,2021,84,548833519.573
THA,2021,84,7818.817
THA,2021,84,43892327.375
THA,2021,84,10396561.125
THA,2021,84,257.742
THA,2021,85,54357.229
THA,2021,85,42068732.007
THA,2021,85,15886487.793
THA,2021,85,107968946.489
THA,2021,85,42758072.058
THA,2021,85,13065.354
THA,2021,85,36680393.391
THA,2021,85,1943489.651
THA,2021,85,141028483.641
THA,2021,85,8361283483.558
THA,2021,84,1457.147
THA,2021,84,1218245.579
THA,2021,84,1260.957
THA,2021,84,15803.889
THA,2021,84,6535.871
THA,2021,84,247574.961
THA,2021,84,103881.181
THA,2021,84,352053.297
THA,2021,84,25092.975
THA,2021,84,377.77
THA,2021,84,1357.417
THA,2021,85,19.912
THA,2021,85,328.148
THA,2021,84,181.917
THA,2021,84,15803.889
THA,2021,84,15550.02
THA,2021,84,10805.087
THA,2021,84,124.104
THA,2021,84,27206.507
THA,2021,85,262.293
THA,2021,85,8066.907
THA,2021,85,63182.412
THA,2021,84,10506.428
THA,2021,84,215418.811
THA,2021,84,35.21
THA,2021,84,19798.383
THA,2021,84,175003.829
THA,2021,84,1593.562
THA,2021,84,6436.83
THA,2021,85,2758508.795
THA,2021,85,7522.72
THA,2021,85,1039092.261
THA,2021,85,5071501288.466
THA,2021,85,731393.573
THA,2021,85,138595.907
THA,2021,85,695.855
THA,2021,84,1414805.067
THA,2021,84,2045850.221
THA,2021,84,10.516
THA,2021,84,635110.749
THA,2021,84,759806.766
THA,2021,84,1242981.803
THA,2021,85,287970.366
THA,2021,85,4553.099
THA,2021,85,7798.4
THA,2021,85,170703.096
THA,2021,85,415744768.3
THA,2021,85,4744970967.06
THA,2021,85,360.725
THA,2021,85,3190180.327
THA,2021,85,2006891.56
THA,2021,85,21113153.224
THA,2021,85,2623.529
THA,2021,85,1651898.943
THA,2021,84,1157.268
THA,2021,84,146997.557
THA,2021,84,34091.097
THA,2021,84,153983.004
THA,2021,84,140.154
THA,2021,84,71012.675
THA,2021,85,108046.825
THA,2021,84,117108.867
THA,2021,84,7334.928
THA,2021,85,13095.678
THA,2021,84,6078.058
THA,2021,84,10799.41
THA,2021,84,887.643
THA,2021,84,1107.748
THA,2021,84,105076.199
THA,2021,85,1545.62
THA,2021,85,855.562
THA,2021,85,840.364
THA,2021,85,3305.384
THA,2021,85,11917.31
THA,2021,85,1061.899
THA,2021,84,2895.074
THA,2021,84,415.992
THA,2021,85,4518.388
THA,2021,85,1703382274.914
THA,2021,85,5718173.995
THA,2021,85,1493481.301
THA,2021,85,266.304
THA,2021,84,1527740.394
THA,2021,85,202802.412
THA,2021,85,62414.12
THA,2021,84,376042.0
THA,2021,84,31085406.034
THA,2021,84,48756.361
THA,2021,84,10395.957
THA,2021,84,30009.884
THA,2021,84,407993.253
THA,2021,84,9846.479
THA,2021,85,49759.549
THA,2021,85,211056.435
THA,2021,85,1874464.47
THA,2021,85,512632.434
THA,2021,85,50.43
THA,2021,85,3344.455
THA,2021,85,13671371.438
THA,2021,85,1240.273
THA,2021,85,738912.238
THA,2021,84,39.111
THA,2021,84,15920.729
THA,2021,84,8000628.222
THA,2021,84,71265.251
THA,2021,84,13737.007
THA,2021,84,88806.819
THA,2021,84,375964.195
THA,2021,85,482873.795
THA,2021,85,3281.183
THA,2021,85,28566572.157
THA,2021,85,303435.549
THA,2021,85,15137.824
THA,2021,85,8438409.368
THA,2021,84,1712.134
THA,2021,85,181.679
THA,2021,84,913056.367
THA,2021,85,447565.757
THA,2021,85,2884.037
THA,2021,85,364.813
THA,2021,85,24.881
THA,2021,85,140194.745
THA,2021,84,131540.65
THA,2021,84,277799.171
THA,2021,84,71230.041
THA,2021,84,161.748
THA,2021,84,16259.388
THA,2021,85,4910.017
THA,2021,85,17041.973
THA,2021,85,9966.314
THA,2021,85,4720.818
THA,2021,85,3870.89
THA,2021,84,821.436
THA,2021,84,66797.329
THA,2021,84,913811759.52
THA,2021,84,608013.175
THA,2021,84,59262.789
THA,2021,84,246865.436
THA,2021,84,1641330.207
THA,2021,84,194231.364
THA,2021,85,853597.425
THA,2021,85,13288752176.366
THA,2021,85,103396.487
THA,2021,85,3510273.356
THA,2021,85,2820922.915
THA,2021,85,4885553.819
THA,2021,85,235988.349
THA,2021,85,50.43
THA,2021,85,3333.492
THA,2021,85,13.557
THA,2021,85,7798.4
THA,2021,85,336.154
THA,2021,85,25.886
THA,2021,85,103396.487
THA,2021,85,723075401.061
THA,2021,85,11902914.037
THA,2021,85,2807.629
THA,2021,85,92.964
THA,2021,84,213798.456
THA,2021,84,24737.202
THA,2021,84,2610673.287
THA,2021,84,386141.454
THA,2021,84,60.819
THA,2021,84,244423.545
THA,2021,84,236095.431
THA,2021,84,284757.018
THA,2021,84,15.007
THA,2021,84,1522951.104
THA,2021,84,34886.915
THA,2021,84,1905.529
THA,2021,84,21509.67
THA,2021,84,44888.767
THA,2021,84,36533.994
THA,2021,84,47520.986
THA,2021,84,336972.284
THA,2021,84,46207.138
THA,2022,85,2288.361
THA,2022,85,807.02
THA,2022,85,287919.676
THA,2022,85,277.224
THA,2022,84,467400119.584
THA,2022,84,10600940.215
THA,2022,84,131622.27
THA,2022,84,77.977
THA,2022,84,101438.683
THA,2022,84,2665.903
THA,2022,84,952962.647
THA,2022,84,378056126.509
THA,2022,84,59840.912
THA,2022,84,310223629.911
THA,2022,85,2785182468.591
THA,2022,85,1667984.193
THA,2022,85,655.027
THA,2022,85,142612795.633
THA,2022,84,100709.189
THA,2022,84,1555589.102
THA,2022,85,1946621.938
THA,2022,85,225222192.758
THA,2022,84,87197267.649
THA,2022,84,10972709258.068
THA,2022,85,4635.95
THA,2022,84,85307.401
THA,2022,84,301254.713
THA,2022,84,666689.714
THA,2022,85,134971.829
THA,2022,84,138957.737
THA,2022,85,59637.884
THA,2022,85,2664.74
THA,2022,85,673.595
THA,2022,85,96.866
THA,2022,84,2016.986
THA,2022,84,3368.582
THA,2022,85,5.535
THA,2022,85,17758.213
THA,2022,85,955.946
THA,2022,85,2862359.567
THA,2022,85,4733.093
THA,2022,85,46448.106
THA,2022,84,138957.737
THA,2022,84,3114.365
THA,2022,84,2017.093
THA,2022,85,171585.339
THA,2022,85,893936.952
THA,2022,85,1179670.35
THA,2022,85,1507470.935
THA,2022,85,992750228.597
THA,2022,85,216.874
THA,2022,85,419159.378
THA,2022,85,168448.214
THA,2022,85,655.027
THA,2022,84,146923.813
THA,2022,84,440682.331
THA,2022,84,1942945.917
THA,2022,84,936369.996
THA,2022,84,197041.522
THA,2022,84,488119.061
THA,2022,84,1517644.387
THA,2022,84,2306466.35
THA,2022,84,585515.719
THA,2022,84,19281.23
THA,2022,84,17834.757
THA,2022,84,9.533
THA,2022,85,733664.175
THA,2022,85,23190437.212
THA,2022,85,6085502.307
THA,2022,85,64838.079
THA,2022,85,388781745.256
THA,2022,85,7196301.821
THA,2022,85,95528.465
THA,2022,85,1526449.729
THA,2022,84,1277.923
THA,2022,85,8132.436
THA,2022,85,3303.405
THA,2022,84,40165.597
THA,2022,85,28576.349
THA,2022,85,15598.698
THA,2022,85,1257.077
THA,2022,85,11921.63
THA,2022,85,394240.012
THA,2022,85,346134.885
THA,2022,84,24896.806
THA,2022,84,510.235
THA,2022,84,2017.093
THA,2022,85,1760.97
THA,2022,85,20617.113
THA,2022,85,124833.71
THA,2022,85,94304.589
THA,2022,85,157.062
THA,2022,85,24.799
THA,2022,85,17095.3
THA,2022,85,95.616
THA,2022,85,14405.038
THA,2022,84,44700.002
THA,2022,84,21438.214
THA,2022,84,19462.103
THA,2022,84,67.749
THA,2022,85,14299.547
THA,2022,85,9544.69
THA,2022,84,235702.441
THA,2022,84,81798.539
THA,2022,84,73958.541
THA,2022,85,278903.949
THA,2022,84,15117404.806
THA,2022,84,7366.427
THA,2022,84,221163.439
THA,2022,84,21.777
THA,2022,84,3025.092
THA,2022,84,16300.855
THA,2022,84,752084.363
THA,2022,84,299051.894
THA,2022,85,5724730519.268
THA,2022,85,12413761.35
THA,2022,85,163663.858
THA,2022,85,49214774.878
THA,2022,85,141746.292
THA,2022,85,8275.87
THA,2022,85,29.987
THA,2022,84,2500664.669
THA,2022,84,6857578.316
THA,2022,84,1187355.126
THA,2022,84,419563.84
THA,2022,84,2665.903
THA,2022,84,43190.689
THA,2022,84,696908.727
THA,2022,85,103418.131
THA,2022,85,531404047.291
THA,2022,85,134502245.66
THA,2022,85,10587516837.896
THA,2022,85,21584474003.201
THA,2022,85,761.093
THA,2022,84,43.852
THA,2022,85,362.69
THA,2022,85,98791.638
THA,2022,85,2861900.012
THA,2022,84,135.57
THA,2022,84,67353.225
THA,2022,84,144437.599
THA,2022,84,44367.919
THA,2022,84,2080.603
THA,2022,85,17758.213
THA,2022,85,157.062
THA,2022,85,46448.106
THA,2022,85,24294.993
THA,2022,85,24.799
THA,2022,84,19462.103
THA,2022,84,3732.91
THA,2022,85,79.494
THA,2022,85,10203.301
THA,2022,85,2664.74
THA,2022,84,3795.774
THA,2022,84,153488.366
THA,2022,84,2782859.563
THA,2022,84,1005339.941
THA,2022,84,34861692.784
THA,2022,84,648955194.796
THA,2022,84,629882.521
THA,2022,84,57663.729
THA,2022,84,387356.815
THA,2022,84,54690.732
THA,2022,84,586457.881
THA,2022,84,7366.427
THA,2022,84,200996.44
THA,2022,84,777453989.008
THA,2022,84,41505.086
THA,2022,84,2676829.234
THA,2022,85,30386739.033
THA,2022,85,2503528.79
THA,2022,85,26879.687
THA,2022,85,1671117.194
THA,2022,85,280650.564
THA,2022,85,9.808
THA,2022,85,74841.782
THA,2022,85,57624144.687
THA,2022,85,17027.527
THA,2022,85,59.945
THA,2022,85,1395077.796
THA,2022,85,10613451.876
THA,2022,85,112393.139
THA,2022,85,54670.167
THA,2022,85,103367841.451
THA,2022,85,2016318.957
THA,2022,85,259940.628
THA,2022,85,3542949.307
THA,2022,85,1532948733.937
THA,2022,84,7013.248
THA,2022,85,29842.011
THA,2022,85,114685.208
THA,2022,85,39998.469
THA,2022,85,53.877
THA,2022,84,214975.422
THA,2022,84,7639638016.607
THA,2022,84,1587785.273
THA,2022,84,3434.012
THA,2022,85,7269.112
THA,2022,84,3734921.694
THA,2022,84,17173.9
THA,2022,84,1428516.577
THA,2022,85,184460.302
THA,2022,85,158.008
THA,2022,85,15.877
THA,2022,85,2356.115
THA,2022,85,1615.188
THA,2022,85,5117.664
THA,2022,85,673.595
THA,2022,85,9264.51
THA,2022,85,394253.554
THA,2022,84,84527.125
THA,2022,84,3368.582
THA,2022,84,2662.679
THA,2022,85,57624144.687
THA,2022,85,5797255.779
THA,2022,85,4242919.978
THA,2022,85,1005603.592
THA,2022,85,26734851.148
THA,2022,85,29.987
THA,2022,85,1942136.634
THA,2022,85,247253.761
THA,2022,85,9532.947
THA,2022,85,10953766.239
THA,2022,85,10712507.52
THA,2022,85,4150118.519
THA,2022,85,54685247.398
THA,2022,85,14265051211.203
THA,2022,84,1243586.43
THA,2022,84,214891.022
THA,2022,84,27699040.25
THA,2022,84,312070.255
THA,2022,84,2795059.418
THA,2022,84,17834.757
THA,2022,84,1948951.421
THA,2022,84,9522079944.594
THA,2022,84,12849398.637
THA,2022,84,354251.945
THA,2022,84,1454.611
THA,2022,84,100287.251
THA,2022,84,1903322.566
THA,2022,85,5173.89
THA,2022,85,171585.339
THA,2022,85,1021.376
THA,2022,85,70441.304
THA,2022,85,655417.367
THA,2022,85,109985443.023
THA,2022,85,2616837.147
THA,2022,85,246463325.606
THA,2022,85,599432.299
THA,2022,85,7658.571
THA,2022,85,162330.858
THA,2022,84,27675674.817
THA,2022,84,2378778.02
THA,2022,84,5680013.463
THA,2022,84,1851527.988
THA,2022,85,7947.285
THA,2022,84,39434.83
THA,2022,84,16798.788
THA,2022,85,31653.52
THA,2022,84,99984.072
THA,2022,85,94304.589
THA,2022,85,6721.143
THA,2022,85,24.173
THA,2022,85,14667.745
THA,2022,85,270182.996
THA,2022,84,86659.972
THA,2022,84,4104.649
THA,2022,84,3114.365
THA,2022,85,79.494
THA,2022,85,17095.3
THA,2022,85,9264.51
THA,2022,85,5.535
THA,2022,85,9834.61
THA,2022,85,95.616
THA,2022,85,955.946
THA,2022,85,2275.282
THA,2022,84,310.44
THA,2022,84,3732.91
THA,2022,84,27757.951
THA,2022,84,25396.803
THA,2022,85,16260.522
THA,2022,85,21531.187
THA,2022,84,8264.876
THA,2022,84,4401611.407
THA,2022,84,5950.569
THA,2022,85,15.877
THA,2022,85,16364.883
THA,2022,85,1760.97
THA,2022,85,13.543
THA,2022,85,34307.991
THA,2022,84,2684.335
THA,2022,84,27344.914
THA,2022,85,213961.464
THA,2022,85,19203.023
THA,2022,85,78563.949
THA,2022,85,1131628.728
THA,2022,85,28143.638
THA,2022,85,19317.886
THA,2022,84,1564.586
THA,2022,84,360874.367
THA,2022,85,1280157.617
THA,2022,85,162083.353
THA,2022,85,7494539631.822
THA,2022,85,1657359343.82
THA,2022,84,601839.407
THA,2022,84,2814.108
THA,2022,84,859227.134
THA,2022,85,271939.417
THA,2022,85,31860216.946
THA,2022,85,2276704.621
THA,2022,84,7818080.652
THA,2022,84,1640914.84
THA,2022,84,23365.433
THA,2022,85,807.02
THA,2022,85,7656.05
THA,2022,85,216.874
THA,2022,85,404491.633
THA,2022,85,15426.399
THA,2022,85,8715.604
THA,2022,85,2162979.915
THA,2022,85,5567111.67
THA,2022,84,269666.155
THA,2022,84,2221510.507
THA,2022,84,1989982.538
THA,2022,84,2163734.06
THA,2022,84,47718104.669
THA,2022,84,221163.439
THA,2022,85,1021.376
THA,2022,85,62326.217
THA,2022,85,657143.251
THA,2022,85,5173.89
THA,2022,85,3654174.465
THA,2022,85,27145151.333
THA,2022,85,579484.562
THA,2022,85,4592200742.105
THA,2022,84,2152.557
THA,2022,84,4104.649
THA,2022,84,3512.668
THA,2022,85,5117.664
THA,2022,85,16364.883
THA,2022,85,34307.991
THA,2022,85,9834.61
THA,2022,85,90.673
THA,2022,85,16260.522
THA,2022,85,14405.038
THA,2022,84,3512.668
THA,2022,84,457.329
THA,2022,84,904.0
THA,2022,84,2662.679
THA,2022,84,580.957
THA,2022,84,499.997
THA,2022,84,70128.295
THA,2022,85,4784.357
THA,2022,84,41016.204
THA,2022,84,276193.448
THA,2022,84,413.037
THA,2022,84,43220.376
THA,2022,84,11364.439
THA,2022,85,587.28
THA,2022,85,3279.976
THA,2022,84,224602.205
THA,2022,84,246794.244
THA,2022,85,90.673
THA,2022,84,56660.576
THA,2022,84,25047272.484
THA,2022,84,284859.629
THA,2022,84,25204.231
THA,2022,85,173812.933
THA,2022,84,391872.205
THA,2022,85,2292641.117
THA,2022,84,1296936.017
THA,2022,85,230144.109
THA,2022,85,73284448.469
THA,2022,84,3967972.361
THA,2022,84,1158394.119
THA,2022,84,2718.796
THA,2022,84,294396.252
THA,2022,84,12838.373
THA,2022,84,2923118.351
THA,2022,84,6176779.314
THA,2022,85,5294618.893
THA,2022,85,26879.687
THA,2022,85,51821.356
THA,2022,85,1767813.542
THA,2022,85,1635846.274
THA,2022,85,696223.216
THA,2022,85,2288.361
THA,2022,85,10779953.305
THA,2022,85,60217582.127
THA,2022,85,3882230.606
THA,2022,85,5036225.18
THA,2022,84,1882181.525
THA,2022,84,9.533
THA,2022,84,629882.521
THA,2022,84,342065.921
THA,2022,84,31135616.557
THA,2022,84,2718.796
THA,2022,84,371050.734
THA,2022,84,2450903.949
THA,2022,85,141746.292
THA,2022,85,200774010.32
THA,2022,85,3545224.588
THA,2022,85,5306408.176
THA,2022,85,2648490.667
THA,2022,85,293890.207
THA,2022,85,232772.162
THA,2022,85,287456093.841
THA,2022,85,9462481981.639
THA,2022,85,1045618976.76
THA,2022,84,399095043.2
THA,2022,84,1740459.238
THA,2022,85,8375256.806
THA,2022,85,98468.364
THA,2022,84,924574.49
THA,2022,84,584377.278
THA,2022,84,1233430072.615
THA,2022,84,560966.316
THA,2022,84,16018167.898
THA,2022,85,46481931.988
THA,2022,85,560281.539
THA,2022,85,293760.142
THA,2022,85,3575610.515
THA,2022,85,1172949.207
THA,2022,85,168910513.398
THA,2022,85,2295536.948
THA,2022,84,120806.969
THA,2022,84,199855.629
THA,2022,84,723821.502
THA,2022,84,28539715.313
THA,2022,84,6891090.712
THA,2022,85,5894051.192
THA,2022,85,51845.529
THA,2022,85,8142.244
THA,2022,85,248744666.177
THA,2022,85,47613560.716
THA,2022,85,8715.604
THA,2022,85,164697.776
THA,2022,85,699526.622
THA,2022,85,4455621.032
THA,2022,84,66560.186
THA,2022,84,790427776.564
THA,2022,85,90515.471
THA,2022,85,6808.038
THA,2022,84,3795.774
THA,2022,85,1725.883
THA,2022,84,56.2
THA,2022,85,130.065
THA,2022,85,103046.683
THA,2022,85,306.286
THA,2022,85,10203.301
THA,2022,85,21531.187
THA,2022,84,3047.441
THA,2022,84,29.225
THA,2022,84,21438.214
THA,2022,84,27838.883
THA,2022,84,1428516.577
THA,2022,84,457.329
THA,2022,84,131329.11
THA,2022,84,3047.441
THA,2022,84,510.235
THA,2022,85,346134.885
THA,2022,85,2356.115
THA,2022,85,18729.668
THA,2022,85,306.286
THA,2022,84,8566074.687
THA,2022,85,6364406.257
THA,2022,85,59.945
THA,2022,85,206334.636
THA,2022,85,798408.487
THA,2022,85,277.224
THA,2022,85,26501571.799
THA,2022,85,816097400.238
THA,2022,84,429317.892
THA,2022,84,204296.981
THA,2022,84,79790.765
THA,2022,84,230271.716
THA,2022,84,146342.856
THA,2022,84,69979222.024
THA,2022,85,3133.001
THA,2022,85,5412486.872
THA,2022,84,1939698.353
THA,2022,85,867682.516
THA,2022,85,24476804.167
THA,2022,85,148378772.078
THA,2022,85,538.438
THA,2022,85,9452.526
THA,2022,84,8191249010.393
THA,2022,84,1990965910.925
THA,2022,84,9239.43
THA,2022,85,165212.421
THA,2022,85,6356133.178
THA,2022,84,131329.11
THA,2022,85,123218.522
THA,2022,84,5950.569
THA,2022,84,2042975.055
THA,2022,84,26934.883
THA,2022,84,10594.04
THA,2022,84,44700.002
THA,2022,84,8264.876
THA,2022,84,67.749
THA,2023,85,119056.801
THA,2023,84,1158980816.497
THA,2023,85,1409061.261
THA,2023,84,113511.909
THA,2023,85,2276517.672
THA,2023,85,212655.689
THA,2023,85,547465.699
THA,2023,84,1168721.42
THA,2023,84,1414673.302
THA,2023,84,3520.271
THA,2023,85,1887518.245
THA,2023,85,16411.663
THA,2023,85,1666.416
THA,2023,85,31656.227
THA,2023,85,596.075
THA,2023,84,96561.235
THA,2023,84,101751.254
THA,2023,84,14877.924
THA,2023,84,11126973.951
THA,2023,85,51079.006
THA,2023,85,31656.227
THA,2023,85,4299448.6
THA,2023,85,125140.15
THA,2023,85,2644617.42
THA,2023,85,218278076.638
THA,2023,85,3194611.599
THA,2023,85,397032.392
THA,2023,85,992052.721
THA,2023,85,64428730.362
THA,2023,85,40464.351
THA,2023,84,9362.721
THA,2023,84,298055.421
THA,2023,85,3943.003
THA,2023,84,183850.495
THA,2023,84,596.495
THA,2023,85,349.266
THA,2023,84,22502.44
THA,2023,85,341388.783
THA,2023,84,196963.367
THA,2023,85,4777.333
THA,2023,85,442.958
THA,2023,84,2900.225
THA,2023,84,1769.669
THA,2023,84,9469.501
THA,2023,84,24690.068
THA,2023,84,37044.762
THA,2023,85,442.958
THA,2023,85,19805.711
THA,2023,85,2719.039
THA,2023,84,2392.24
THA,2023,84,1832942.622
THA,2023,84,3842137.638
THA,2023,84,202163.311
THA,2023,84,9721755.112
THA,2023,84,272564.427
THA,2023,84,40164.826
THA,2023,85,22824413.462
THA,2023,85,5473184.627
THA,2023,85,25568.682
THA,2023,85,42372.827
THA,2023,85,14275088221.928
THA,2023,85,10276988.675
THA,2023,85,771.778
THA,2023,84,253987264.093
THA,2023,84,20133.499
THA,2023,84,2281626.632
THA,2023,84,416162855.36
THA,2023,85,6745215.689
THA,2023,85,64428683.738
THA,2023,85,16532140.536
THA,2023,85,759395.853
THA,2023,85,14005.961
THA,2023,85,189904640.621
THA,2023,85,631020.944
THA,2023,85,14611.335
THA,2023,85,5463678.584
THA,2023,85,3731.012
THA,2023,84,1216.901
THA,2023,84,93221.822
THA,2023,85,6292272.926
THA,2023,85,13634.812
THA,2023,84,891973.472
THA,2023,84,1218615.919
THA,2023,85,165056.067
THA,2023,85,137910.827
THA,2023,84,82356346.883
THA,2023,84,92611.239
THA,2023,84,41.316
THA,2023,84,2551.54
THA,2023,85,615.446
THA,2023,84,483135.699
THA,2023,85,19362.989
THA,2023,85,2091.855
THA,2023,85,39035.932
THA,2023,84,8646.524
THA,2023,84,3116068.222
THA,2023,84,134126.545
THA,2023,85,3166.387
THA,2023,85,2719.039
THA,2023,85,12838.14
THA,2023,84,85612.617
THA,2023,84,273.75
THA,2023,85,17166.172
THA,2023,85,9436.163
THA,2023,84,18352.945
THA,2023,84,3746.003
THA,2023,84,421.794
THA,2023,84,111902.754
THA,2023,84,7094.706
THA,2023,84,378.987
THA,2023,84,24588.079
THA,2023,84,7708.394
THA,2023,85,667.58
THA,2023,85,10464.366
THA,2023,85,686.568
THA,2023,85,34233.458
THA,2023,85,1509579785.525
THA,2023,85,170949323.306
THA,2023,84,272199.175
THA,2023,85,573410.616
THA,2023,84,4396151.137
THA,2023,85,201879.507
THA,2023,84,14611.718
THA,2023,85,7110534.383
THA,2023,85,515593.788
THA,2023,84,9680730.343
THA,2023,84,13784.404
THA,2023,84,129990.516
THA,2023,84,9847914.019
THA,2023,85,356622276.889
THA,2023,85,291600.589
THA,2023,85,42096.347
THA,2023,85,577486.88
THA,2023,85,6.513
THA,2023,85,2169660.213
THA,2023,84,42635.944
THA,2023,84,5810824.439
THA,2023,84,463385.464
THA,2023,84,2409713.31
THA,2023,84,29378343.07
THA,2023,84,2152484.346
THA,2023,84,13150350.836
THA,2023,84,1208258.187
THA,2023,85,14005.961
THA,2023,85,3337253.641
THA,2023,85,521656686.037
THA,2023,85,217166.132
THA,2023,85,1371121.762
THA,2023,85,2108272.52
THA,2023,85,3731.012
THA,2023,85,6037089.2
THA,2023,85,905310.505
THA,2023,84,29582.262
THA,2023,85,13759.213
THA,2023,85,8963.092
THA,2023,84,2637.246
THA,2023,85,46.624
THA,2023,84,96.84
THA,2023,85,235.182
THA,2023,84,7708.394
THA,2023,84,3841783.285
THA,2023,84,2052.164
THA,2023,84,13789.275
THA,2023,84,1864.655
THA,2023,85,1989.017
THA,2023,85,55.023
THA,2023,85,14083.835
THA,2023,85,2646.426
THA,2023,85,2672.947
THA,2023,85,1989.017
THA,2023,85,229.804
THA,2023,85,1590.368
THA,2023,85,79188.961
THA,2023,85,2167.321
THA,2023,85,107.736
THA,2023,84,31971.94
THA,2023,84,596.495
THA,2023,84,17228.454
THA,2023,84,24320.929
THA,2023,84,754.15
THA,2023,85,2180.934
THA,2023,85,3166.387
THA,2023,85,367.303
THA,2023,85,9436.163
THA,2023,84,3178.307
THA,2023,84,199069.893
THA,2023,84,82.547
THA,2023,84,6138.772
THA,2023,84,13789.275
THA,2023,84,1723.413
THA,2023,84,3865180.862
THA,2023,85,1546.936
THA,2023,84,664.337
THA,2023,84,271.224
THA,2023,84,7469639918.313
THA,2023,84,26470.704
THA,2023,84,45068.438
THA,2023,84,15483.479
THA,2023,85,2.89
THA,2023,84,848.032
THA,2023,85,111979.212
THA,2023,85,3210.447
THA,2023,85,120917.681
THA,2023,84,37477.195
THA,2023,85,109.252
THA,2023,84,3259431.239
THA,2023,84,3120154.457
THA,2023,84,1820219.202
THA,2023,84,513575.109
THA,2023,84,321762.667
THA,2023,84,544754.493
THA,2023,84,1142685.272
THA,2023,84,10721359.063
THA,2023,85,125140.15
THA,2023,85,2739350.294
THA,2023,85,1614663.011
THA,2023,85,2105062.073
THA,2023,85,4092.888
THA,2023,85,41937.644
THA,2023,85,42115.915
THA,2023,85,2853222.816
THA,2023,84,37841646.189
THA,2023,84,1261483.444
THA,2023,84,30147890.323
THA,2023,84,225920.392
THA,2023,84,568812326.586
THA,2023,84,406526.587
THA,2023,85,53449440.511
THA,2023,85,5027977.923
THA,2023,85,972054.432
THA,2023,85,330636.521
THA,2023,85,2171143.65
THA,2023,85,200571572.393
THA,2023,85,88685.407
THA,2023,85,36999830.856
THA,2023,85,25061164.713
THA,2023,85,20712497481.509
THA,2023,84,10791218694.591
THA,2023,85,8947393926.874
THA,2023,85,2039707530.181
THA,2023,85,99737.255
THA,2023,85,138686080.96
THA,2023,85,1607503.636
THA,2023,85,2214980.714
THA,2023,85,164990926.46
THA,2023,85,482914.327
THA,2023,84,70293124.344
THA,2023,85,183962.783
THA,2023,85,1483307552.148
THA,2023,84,371823079.704
THA,2023,84,612514.997
THA,2023,84,88713.932
THA,2023,84,24011.119
THA,2023,84,721983.181
THA,2023,84,121810.611
THA,2023,84,225428.995
THA,2023,84,266.206
THA,2023,85,4750157.241
THA,2023,85,195700.461
THA,2023,85,702107.987
THA,2023,85,1730.237
THA,2023,85,25568.682
THA,2023,85,10276988.675
THA,2023,85,4875848913.253
THA,2023,85,4294951.961
THA,2023,85,37093785.598
THA,2023,84,42437651.955
THA,2023,84,321762.667
THA,2023,84,3773006.348
THA,2023,84,2592588.974
THA,2023,85,6883126.516
THA,2023,85,678.833
THA,2023,85,985809822.042
THA,2023,85,14839129.782
THA,2023,85,399.107
THA,2023,85,1666.416
THA,2023,85,4478914.744
THA,2023,85,2282.737
THA,2023,85,314.031
THA,2023,84,837306.791
THA,2023,84,5661.196
THA,2023,84,199069.893
THA,2023,85,82.758
THA,2023,85,1373.494
THA,2023,84,221103.03
THA,2023,85,50442.42
THA,2023,84,805376.885
THA,2023,85,2920.354
THA,2023,84,15118.998
THA,2023,84,2687.631
THA,2023,84,24588.079
THA,2023,84,2423.608
THA,2023,84,82.547
THA,2023,85,2672.947
THA,2023,85,8034.468
THA,2023,85,229.804
THA,2023,85,2099.669
THA,2023,85,114.973
THA,2023,85,24603.673
THA,2023,84,149526.041
THA,2023,84,15118.998
THA,2023,84,26470.704
THA,2023,84,3746.003
THA,2023,85,7889540466.349
THA,2023,85,16347791.706
THA,2023,84,19673168.59
THA,2023,85,215955.323
THA,2023,84,475851.045
THA,2023,85,303194.484
THA,2023,84,6880798.909
THA,2023,84,100436.572
THA,2023,84,28957.026
THA,2023,84,31253.53
THA,2023,85,23863666.078
THA,2023,85,264996.747
THA,2023,85,1206065.696
THA,2023,85,84865974.658
THA,2023,84,2936076.241
THA,2023,84,6157.517
THA,2023,84,600325.215
THA,2023,84,31253.53
THA,2023,84,6815.109
THA,2023,84,2061536.418
THA,2023,84,144856.188
THA,2023,85,30115.865
THA,2023,85,332027.423
THA,2023,85,1730.237
THA,2023,84,1302459258.844
THA,2023,85,667.58
THA,2023,85,401312.869
THA,2023,84,24444.137
THA,2023,85,36086.314
THA,2023,85,32593.063
THA,2023,84,2238.992
THA,2023,85,4050.483
THA,2023,85,12089.004
THA,2023,85,3375.992
THA,2023,85,597903.347
THA,2023,84,23397.577
THA,2023,84,1744.975
THA,2023,84,43584.947
THA,2023,84,1513.947
THA,2023,85,24603.673
THA,2023,84,3271.06
THA,2023,84,3339.412
THA,2023,84,1707.601
THA,2023,85,367.303
THA,2023,85,79188.961
THA,2023,85,52452.947
THA,2023,85,51443.962
THA,2023,85,349.266
THA,2023,85,3375.992
THA,2023,85,1546.936
THA,2023,84,2423.608
THA,2023,84,625818556.533
THA,2023,84,1129639.465
THA,2023,84,491069.399
THA,2023,84,85184.678
THA,2023,84,1653935.186
THA,2023,85,17455807.753
THA,2023,85,207789.465
THA,2023,85,264996.747
THA,2023,85,695.741
THA,2023,85,119994473.293
THA,2023,85,631020.944
THA,2023,85,187485.057
THA,2023,85,14611.335
THA,2023,85,903987.494
THA,2023,85,16908342.054
THA,2023,85,179425.808
THA,2023,85,200435.911
THA,2023,85,770240.346
THA,2023,85,212388.799
THA,2023,85,4061840.629
THA,2023,85,772630295.283
THA,2023,84,454090.193
THA,2023,84,2044102.769
THA,2023,84,406526.587
THA,2023,84,239914.459
THA,2023,84,1260351.214
THA,2023,84,3301588.786
THA,2023,85,8059.249
THA,2023,84,136033.529
THA,2023,85,23090871.341
THA,2023,85,10563251.514
THA,2023,85,7396.374
THA,2023,84,20985464.782
THA,2023,85,9724490713.949
THA,2023,84,6757.365
THA,2023,85,8364.697
THA,2023,84,421.794
THA,2023,84,17798.171
THA,2023,84,334.63
THA,2023,84,124835.972
THA,2023,85,10762.878
THA,2023,85,1197498.635
THA,2023,84,7094.706
THA,2023,85,294.491
THA,2023,85,37208.18
THA,2023,85,114.973
THA,2023,85,40355.098
THA,2023,84,2392.24
THA,2023,84,26430.105
THA,2023,84,378.987
THA,2023,84,61383.118
THA,2023,84,8646.524
THA,2023,85,38573.478
THA,2023,85,121.173
THA,2023,85,1238.182
THA,2023,84,111902.754
THA,2023,84,3178.307
THA,2023,85,121.173
THA,2023,85,38573.478
THA,2023,85,89.079
THA,2023,85,96523.459
THA,2023,84,6138.772
THA,2023,84,50313.421
THA,2023,84,23045.576
THA,2023,85,107.736
THA,2023,85,1483.437
THA,2023,85,51149.471
THA,2023,84,1404896.685
THA,2023,84,754.15
THA,2023,85,19805.711
THA,2023,84,275514.064
THA,2023,85,2167.321
THA,2023,85,200.001
THA,2023,85,2735.24
THA,2023,85,12838.14
THA,2023,85,46032.779
THA,2023,85,8034.468
THA,2023,85,96523.459
THA,2023,84,1864.655
THA,2023,84,1513.947
THA,2023,84,52021.022
THA,2023,85,577486.88
THA,2023,85,3406.291
THA,2023,85,245432.248
THA,2023,85,1253154.672
THA,2023,85,42096.347
THA,2023,85,629.36
THA,2023,85,617578.542
THA,2023,85,3944617599.63
THA,2023,85,139680434.183
THA,2023,84,9375535125.795
THA,2023,84,1679463.477
THA,2023,84,3680455.295
THA,2023,84,161678.894
THA,2023,84,8316517.919
THA,2023,84,466198.67
THA,2023,84,746821779.746
THA,2023,84,5598.208
THA,2023,84,42635.944
THA,2023,84,327351.935
THA,2023,84,1139.221
THA,2023,84,564387.073
THA,2023,85,45051620.215
THA,2023,85,116187563.406
THA,2023,85,2823302.882
THA,2023,85,614658.188
THA,2023,85,3996254.116
THA,2023,85,629.36
THA,2023,85,29447.204
THA,2023,85,34784536.111
THA,2023,85,6121091.763
THA,2023,85,2242475370.731
THA,2023,85,277820.682
THA,2023,85,218185131.25
THA,2023,85,74479686.587
THA,2023,85,7863.207
THA,2023,85,1029954.409
THA,2023,84,442322.155
THA,2023,84,241317.217
THA,2023,84,2808217.04
THA,2023,84,76066.277
THA,2023,84,123850.413
THA,2023,84,1476920232.376
THA,2023,84,8011734154.888
THA,2023,85,649545.5
THA,2023,85,59238.203
THA,2023,84,37815216.084
THA,2023,84,191544.217
THA,2023,84,8693864.92
THA,2023,84,31716251.576
THA,2023,84,1267028.038
THA,2023,84,595743.19
THA,2023,85,35124448.153
THA,2023,85,348027.666
THA,2023,84,85184.678
THA,2023,84,78312.898
THA,2023,84,148616.005
THA,2023,85,771.778
THA,2023,85,3313.557
THA,2023,85,695.741
THA,2023,85,871135.039
THA,2023,85,399.107
THA,2023,84,1236.061
THA,2023,84,262127.915
THA,2023,84,225763.626
THA,2023,85,1380.007
THA,2024,84,16.63
THA,2024,84,28.97
THA,2024,85,2890706.98
THA,2024,84,160403082.27
THA,2024,84,555515.03
THA,2024,84,9602629717.61
THA,2024,85,216142.24
THA,2024,85,1023667.89
THA,2024,85,10886431.08
THA,2024,84,4228911.88
THA,2024,84,8981826451.34
THA,2024,84,7699301.35
THA,2024,85,38557.6
THA,2024,84,6412.19
THA,2024,85,33692.02
THA,2024,85,9840.54
THA,2024,85,4273.29
THA,2024,84,2980.11
THA,2024,85,5550.32
THA,2024,84,223.8
THA,2024,85,29285.28
THA,2024,84,601.96
THA,2024,84,18.1
THA,2024,84,203478.68
THA,2024,85,175565.65
THA,2024,85,95994.22
THA,2024,85,1567010.51
THA,2024,85,48420922.46
THA,2024,85,4622.35
THA,2024,85,27.12
THA,2024,85,2361.31
THA,2024,85,36688932.58
THA,2024,85,74476.25
THA,2024,85,37220.42
THA,2024,85,37334512.41
THA,2024,85,23927659.05
THA,2024,85,6869231.24
THA,2024,85,11491637786.6
THA,2024,85,1127.94
THA,2024,85,25167.15
THA,2024,85,1.51
THA,2024,85,76739918.46
THA,2024,85,41762958.16
THA,2024,85,6427.75
THA,2024,85,4399762.21
THA,2024,84,652918.4
THA,2024,84,423758.35
THA,2024,84,699893.8
THA,2024,84,2698.82
THA,2024,84,35638841.06
THA,2024,84,753361.79
THA,2024,84,2325302.26
THA,2024,84,28470.94
THA,2024,85,29285.28
THA,2024,84,38870.82
THA,2024,84,156572.08
THA,2024,85,33657.91
THA,2024,85,1257.69
THA,2024,85,363349.97
THA,2024,84,330867.89
THA,2024,85,97294.5
THA,2024,84,27001801.98
THA,2024,84,2087544.41
THA,2024,84,25241699.25
THA,2024,84,6939780.37
THA,2024,84,69129783.77
THA,2024,84,11331839.28
THA,2024,85,283960.54
THA,2024,85,439642.87
THA,2024,85,1715.81
THA,2024,85,84310.24
THA,2024,85,68744.48
THA,2024,85,33342.32
THA,2024,84,1092291.71
THA,2024,84,46183.19
THA,2024,84,573.84
THA,2024,84,109.93
THA,2024,85,549376.82
THA,2024,84,18774.01
THA,2024,85,7872.11
THA,2024,85,4041.18
THA,2024,84,1037.8
THA,2024,84,35934.42
THA,2024,84,9544.82
THA,2024,85,4712.48
THA,2024,84,409258547.44
THA,2024,84,146848.63
THA,2024,84,437454.6
THA,2024,85,193794.92
THA,2024,85,14771.44
THA,2024,85,9.85
THA,2024,85,2.65
THA,2024,85,1711555.42
THA,2024,85,2582036769.45
THA,2024,85,6427.75
THA,2024,85,539338.26
THA,2024,84,46722.87
THA,2024,84,15406450.21
THA,2024,84,6902731.78
THA,2024,84,97255.21
THA,2024,84,242061.71
THA,2024,84,1709.79
THA,2024,85,9424.78
THA,2024,85,6705.66
THA,2024,85,4210.59
THA,2024,85,229079.55
THA,2024,85,957139562.38
THA,2024,85,29328651.84
THA,2024,85,215502.62
THA,2024,85,27.12
THA,2024,85,496300.87
THA,2024,85,10572039.66
THA,2024,85,1422065.07
THA,2024,85,2720502.82
THA,2024,84,12972887218.27
THA,2024,84,81567.62
THA,2024,84,12821.23
THA,2024,85,19862.52
THA,2024,84,8168.92
THA,2024,84,12873.56
THA,2024,84,22859.0
THA,2024,85,33692.02
THA,2024,85,170.04
THA,2024,85,1278999.89
THA,2024,85,107135.74
THA,2024,85,31.41
THA,2024,85,10039.75
THA,2024,84,1038644.28
THA,2024,84,1621555.51
THA,2024,85,784918.26
THA,2024,84,13469.94
THA,2024,85,347.61
THA,2024,85,40048269.52
THA,2024,85,8725007205.3
THA,2024,85,54345.66
THA,2024,85,1153492.31
THA,2024,84,415.85
THA,2024,85,1123375.44
THA,2024,85,3274.32
THA,2024,84,3092.22
THA,2024,84,12821.23
THA,2024,84,153070.0
THA,2024,84,15620.01
THA,2024,85,3224.9
THA,2024,85,4426584.78
THA,2024,85,43511.06
THA,2024,84,499178.79
THA,2024,85,3327.09
THA,2024,85,19862.52
THA,2024,84,9180.11
THA,2024,84,38323.19
THA,2024,85,6169.23
THA,2024,84,1033.14
THA,2024,85,24837.73
THA,2024,84,15475.35
THA,2024,85,18890.33
THA,2024,85,1527102.18
THA,2024,85,9424.78
THA,2024,85,3648198.71
THA,2024,85,650347.56
THA,2024,85,1865853.6
THA,2024,85,9063.36
THA,2024,85,658069316.96
THA,2024,84,232832.95
THA,2024,84,585730.7
THA,2024,84,17652.45
THA,2024,84,667444.85
THA,2024,84,1864696168.69
THA,2024,85,33908879.33
THA,2024,85,3336.94
THA,2024,85,1627591.9
THA,2024,85,13256.99
THA,2024,85,6474.13
THA,2024,85,7238217.43
THA,2024,85,205.62
THA,2024,85,1859889.53
THA,2024,85,3304688.21
THA,2024,85,5104993.38
THA,2024,85,1920199.26
THA,2024,85,131502681.53
THA,2024,84,489298.46
THA,2024,84,21181.53
THA,2024,84,1818.53
THA,2024,84,2207680.45
THA,2024,84,232832.95
THA,2024,85,4307.97
THA,2024,84,153070.0
THA,2024,85,205.51
THA,2024,84,1207.33
THA,2024,84,553.15
THA,2024,84,1732.44
THA,2024,84,394.24
THA,2024,85,236345.82
THA,2024,85,27556.35
THA,2024,84,90742.9
THA,2024,85,123297.76
THA,2024,85,1860.97
THA,2024,85,611.11
THA,2024,84,128.26
THA,2024,85,1606068923.26
THA,2024,85,6040067.37
THA,2024,85,136384.65
THA,2024,84,165044.75
THA,2024,84,38630.5
THA,2024,85,1295035.06
THA,2024,84,156572.08
THA,2024,85,9196.33
THA,2024,84,16511.24
THA,2024,84,1275.49
THA,2024,84,28470.94
THA,2024,84,99251.77
THA,2024,84,3922550.44
THA,2024,84,32687.69
THA,2024,84,1818.53
THA,2024,84,228620.33
THA,2024,84,1709.79
THA,2024,84,2698.82
THA,2024,84,1136799005.38
THA,2024,85,10022662.84
THA,2024,85,205.62
THA,2024,85,280158.63
THA,2024,85,6429.18
THA,2024,85,23288584.47
THA,2024,85,6705.66
THA,2024,85,5174693.67
THA,2024,85,3139.61
THA,2024,85,4925518.4
THA,2024,85,1847799.53
THA,2024,85,203890.34
THA,2024,85,1455.75
THA,2024,85,1127.94
THA,2024,85,79507.23
THA,2024,84,10064.73
THA,2024,84,5014842.15
THA,2024,84,478765848.18
THA,2024,84,110868.37
THA,2024,84,32791522.83
THA,2024,85,176286237.67
THA,2024,85,38.34
THA,2024,85,897297.24
THA,2024,85,7.18
THA,2024,85,983393.92
THA,2024,85,369779.15
THA,2024,85,1455.75
THA,2024,85,29.46
THA,2024,85,746847.56
THA,2024,84,15636.36
THA,2024,84,5000.0
THA,2024,85,3649.9
THA,2024,85,26250.0
THA,2024,85,2489423157.56
THA,2024,85,237980269.49
THA,2024,85,2384.15
THA,2024,84,643115.15
THA,2024,85,32340.05
THA,2024,85,2.97
THA,2024,84,2753.68
THA,2024,84,262439.2
THA,2024,85,142728705.8
THA,2024,84,14665408.39
THA,2024,84,1065516.83
THA,2024,84,552.03
THA,2024,85,170.04
THA,2024,84,35601.22
THA,2024,84,17415.43
THA,2024,84,1789.13
THA,2024,85,18338.6
THA,2024,85,12090.0
THA,2024,84,19870.58
THA,2024,84,13786745.31
THA,2024,84,249232425.18
THA,2024,84,1832847.92
THA,2024,85,20370.86
THA,2024,85,1421671.94
THA,2024,85,886239.68
THA,2024,85,152721.93
THA,2024,85,134262.96
THA,2024,85,215371.51
THA,2024,85,23253.93
THA,2024,85,95994.22
THA,2024,85,3611271.46
THA,2024,85,18201228571.04
THA,2024,85,1054832.46
THA,2024,85,4622.35
THA,2024,84,628292.27
THA,2024,84,8902295.33
THA,2024,84,568826.5
THA,2024,84,146848.63
THA,2024,84,2479263.41
THA,2024,84,680914.79
THA,2024,84,10058.56
THA,2024,84,1293231.33
THA,2024,84,18637.2
THA,2024,84,46183.19
THA,2024,85,4041.18
THA,2024,85,6018.89
THA,2024,85,6169.23
THA,2024,85,4273.29
THA,2024,85,743.69
THA,2024,84,3514.59
THA,2024,85,2716.36
THA,2024,85,1094.81
THA,2024,85,73660.54
THA,2024,84,4705.28
THA,2024,85,95814825.41
THA,2024,84,1505456931.69
THA,2024,85,1699758.4
THA,2024,85,10644502484.77
THA,2024,85,8655207.19
THA,2024,85,652879.15
THA,2024,84,435031307.04
THA,2024,85,762775.07
THA,2024,84,3639.52
THA,2024,85,393.13
THA,2024,85,19073252.65
THA,2024,85,199417.02
THA,2024,84,761581.89
THA,2024,85,23242.74
THA,2024,84,5000.0
THA,2024,84,202.16
THA,2024,85,2217.39
THA,2024,84,12299.72
THA,2024,84,1922015.94
THA,2024,84,9547.31
THA,2024,84,1202993.98
THA,2024,84,773861.58
THA,2024,84,1281067.05
THA,2024,84,176269.73
THA,2024,84,692444.17
THA,2024,84,10.03
THA,2024,84,5306.37
THA,2024,84,493195.16
THA,2024,85,886239.68
THA,2024,85,610462.91
THA,2024,85,229079.55
THA,2024,85,34664188.23
THA,2024,85,11109.38
THA,2024,85,6474.13
THA,2024,85,13256.99
THA,2024,85,2009042.04
THA,2024,85,11.19
THA,2024,85,7654149.5
THA,2024,85,1715.81
THA,2024,85,1662713.7
THA,2024,85,2021.86
THA,2024,85,372084.93
THA,2024,85,2591174.52
THA,2024,85,48453262.51
THA,2024,85,2361.31
THA,2024,84,16388790.99
THA,2024,84,2529468.09
THA,2024,84,519720.82
THA,2024,84,1145427.81
THA,2024,84,1230987.23
THA,2024,84,844935911.71
THA,2024,84,9544.82
THA,2024,85,33949.43
THA,2024,84,35601.22
THA,2024,84,6442.35
THA,2024,84,2942.08
THA,2024,84,556.96
THA,2024,84,446119.87
THA,2024,85,826397.77
THA,2024,85,26293546.3
THA,2024,84,104400.28
THA,2024,84,472056.25
THA,2024,84,332632.2
THA,2024,85,61087591.78
THA,2024,84,985727.58
THA,2024,84,387823.93
THA,2024,84,1005465.24
THA,2024,84,1664.65
THA,2024,84,984.75
THA,2024,85,179474.98
THA,2024,84,20096.81
THA,2024,85,1070.98
THA,2024,84,424813.59
THA,2024,84,65791.98
THA,2024,84,174.19
THA,2024,84,14761.5
THA,2024,84,3350.13
THA,2024,84,1948248.33
THA,2024,84,3646.37
THA,2024,84,758930.98
THA,2024,84,20542.03
THA,2024,84,12185496.17
THA,2024,84,23864.68
THA,2024,84,112631.28
THA,2024,85,2021.86
THA,2024,85,215502.62
THA,2024,85,21860.98
THA,2024,85,697880.22
THA,2024,85,1.51
THA,2024,85,6954256.89
THA,2024,85,5398603.92
THA,2024,85,2.65
THA,2024,85,18753118.23
THA,2024,85,3796390.4
THA,2024,85,11109.38
THA,2024,85,203879346.51
THA,2024,85,1527449.79
THA,2024,84,37814219.48
THA,2024,84,601.96
THA,2024,84,993403.89
THA,2024,84,616470.99
THA,2024,84,1697909.41
THA,2024,84,1037.8
THA,2024,84,15475.35
THA,2024,85,9840.54
THA,2024,84,4590.59
THA,2024,85,205.51
THA,2024,85,1257.69
THA,2024,85,4307.97
THA,2024,84,10064.73
THA,2024,84,440730.07
THA,2024,84,11177538.33
THA,2024,84,3766.1
THA,2024,85,22279.22
THA,2024,85,243976673.62
THA,2024,85,7.18
THA,2024,85,3380271.33
THA,2024,85,16150.99
THA,2024,85,7360355287.92
THA,2024,85,100920.64
THA,2024,85,167239579.23
THA,2024,85,3251765.29
THA,2024,85,23022080.84
THA,2024,85,38.34
THA,2024,85,1354862.62
THA,2024,85,181887830.53
THA,2024,85,2002.37
THA,2024,85,31732.04
THA,2024,84,2036223.29
THA,2024,84,15636.36
THA,2024,85,454953.18
THA,2024,84,405966.03
THA,2024,84,492454.34
THA,2024,84,66806.12
THA,2024,85,147768.41
THA,2024,85,291522.23
THA,2024,85,223910.25
THA,2024,85,355933.94
THA,2024,85,4796.29
THA,2024,85,17463.32
THA,2024,84,6080907.96
THA,2024,84,32771652.25
THA,2024,85,850942.12
THA,2024,85,439976.23
THA,2024,85,6449712.33
THA,2024,84,1280992360.25
THA,2024,84,207654.92
THA,2024,84,11399708559.87
THA,2024,84,562.06
THA,2024,85,1439172.86
THA,2024,85,21860.98
THA,2024,85,2002.37
THA,2024,85,4215678238.9
THA,2024,85,467087.88
THA,2024,85,24627263187.33
THA,2024,85,38557.6
THA,2024,84,4590.59
THA,2024,84,1275.49
THA,2024,84,9180.11
THA,2024,84,2036223.29
THA,2024,84,109.93
THA,2024,85,24837.73
THA,2024,85,4712.48
THA,2024,85,8775.22
THA,2024,84,568410.65
THA,2024,84,109203.72
THA,2024,84,46594.61
THA,2024,84,527699.41
THA,2024,84,821823.82
THA,2024,84,24692.95
THA,2024,84,11569630.82
THA,2024,84,97255.21
THA,2024,85,3542526.98
THA,2024,85,4227289.44
THA,2024,85,29.46
THA,2024,84,6379.79
THA,2024,85,6018.89
THA,2024,84,79336.9
THA,2024,85,8939522.7
THA,2024,85,544625.11
THA,2024,84,24063951.81
THA,2024,84,390046.69
THA,2024,85,172472.77
THA,2024,84,519369.75
THA,2024,85,21576.59
THA,2024,85,3649.9
THA,2024,85,26250.0
THA,2024,85,33657.91
THA,2024,84,177.53
THA,2024,84,22859.0
THA,2024,84,1193.61
THA,2024,85,367.41
THA,2024,85,1586974.08
THA,2024,84,383509.47
THA,2024,85,2115629732.0
THA,2024,84,3201.67
MYS,2017,84,6431651935.659
MYS,2017,85,12474990422.05
MYS,2017,84,1388994114.519
MYS,2017,85,6875321989.073
MYS,2017,84,4458955137.764
MYS,2017,85,4156178067.212
MYS,2017,84,583702683.376
MYS,2017,85,1443490365.766
MYS,2018,85,14256513931.763
MYS,2018,84,833230050.826
MYS,2018,84,4810794803.847
MYS,2018,84,7382844130.021
MYS,2018,85,8122948797.313
MYS,2018,85,4535871015.3
MYS,2018,85,1597694119.15
MYS,2018,84,1738819275.347
MYS,2019,84,825448061.676
MYS,2019,85,1477999811.449
MYS,2019,84,4614128355.986
MYS,2019,85,4232502020.866
MYS,2019,84,1564485632.494
MYS,2019,85,7938990280.516
MYS,2019,84,7004062050.157
MYS,2019,85,13649492112.831
MYS,2020,85,1411232370.61
MYS,2020,84,926575527.018
MYS,2020,85,7899309320.124
MYS,2020,84,1268072214.474
MYS,2020,84,4413320932.85
MYS,2020,85,4946187251.839
MYS,2020,84,6607968674.342
MYS,2020,85,14256728942.573
MYS,2021,84,1425189377.392
MYS,2021,85,2152322736.427
MYS,2021,84,5730188240.502
MYS,2021,85,6396669153.115
MYS,2021,84,1954370919.012
MYS,2021,85,10317004603.904
MYS,2021,84,9109748536.906
MYS,2021,85,18865996493.446
MYS,2022,84,896133040.894
MYS,2022,85,1988242198.12
MYS,2022,84,7178716404.918
MYS,2022,85,7182149020.377
MYS,2022,84,2100814699.997
MYS,2022,85,12780558214.758
MYS,2022,84,10175664145.808
MYS,2022,85,21950949433.255
MYS,2023,84,792476473.536
MYS,2023,85,1484612461.049
MYS,2023,85,6749448740.434
MYS,2023,84,7046316506.444
MYS,2023,84,1353841624.848
MYS,2023,85,10935381893.428
MYS,2023,85,19169443094.911
MYS,2023,84,9192634604.828
MYS,2024,84,923609038.555
MYS,2024,85,1253464743.477
MYS,2024,85,7457615326.956
MYS,2024,84,8867694725.167
MYS,2024,85,13674679667.139
MYS,2024,84,2050368809.577
MYS,2024,84,11841672573.298
MYS,2024,85,22385759737.572
TWN,2017,84,7743368235.06
TWN,2017,85,22164500070.97
TWN,2018,84,8449821224.69
TWN,2018,85,24322263417.77
TWN,2019,84,9201013669.22
TWN,2019,85,28181400148.3
TWN,2020,84,10600049819.405
TWN,2020,85,32276410076.61
TWN,2021,84,13458342928.169
TWN,2021,85,41714298632.559
TWN,2022,84,14127871827.95
TWN,2022,85,41942491522.88
TWN,2023,84,11545184964.21
TWN,2023,85,35239099699.315
TWN,2024,85,38170724435.826
TWN,2024,84,13779626407.952
